course,unit,standard,asset_type,source_page_url,direct_download_url,target_filename,drive_subfolder,title,creator_or_institution,date,license,attribution,repository,link_type,status
World History,Age of Revolution (1750-1850),W.01,Painting/engraving,https://www.metmuseum.org/search-results?q=Louis+XIV+Rigaud,,W.01_portrait_of_louis_xiv_the_sun_king.{original_extension},World History/Age of Revolution (1750-1850)/W.01,"Portrait of Louis XIV (""the Sun King"")",after Hyacinthe Rigaud,c. 1701,Public domain — published c. 1701 (pre-1929),"Portrait of Louis XIV, after Hyacinthe Rigaud, c. 1701. The Metropolitan Museum of Art.",The Metropolitan Museum of Art,search,PENDING
World History,Age of Revolution (1750-1850),W.01,Print/engraving,https://www.rijksmuseum.nl/en/search?q=Versailles+palace,,W.01_view_of_the_palace_and_gardens_of_versailles.{original_extension},World History/Age of Revolution (1750-1850)/W.01,View of the Palace and Gardens of Versailles,various (17th-18th c.),c. 1680-1720,CC0 / open access (museum public-domain designation),"View of the Palace of Versailles, engraving, late 17th c. Rijksmuseum (public domain).",Rijksmuseum,search,PENDING
World History,Age of Revolution (1750-1850),W.01,Painting/print,https://www.rijksmuseum.nl/en/search?q=Peter+the+Great+tsar,,W.01_portrait_of_peter_the_great_of_russia.{original_extension},World History/Age of Revolution (1750-1850)/W.01,Portrait of Peter the Great of Russia,various,early 18th c.,CC0 / open access (museum public-domain designation),"Portrait of Peter the Great, early 18th c. Rijksmuseum (public domain).",Rijksmuseum,search,PENDING
World History,Age of Revolution (1750-1850),W.02,Legal document (text),https://avalon.law.yale.edu/medieval/magna.asp,,W.02_magna_carta_1215.{original_extension},World History/Age of Revolution (1750-1850)/W.02,Magna Carta (1215),King John / barons of England,1215,"Public domain — official document text (Magna Carta, 1215)","Magna Carta, 1215. The Avalon Project, Yale Law School.","Avalon Project, Yale Law School",canonical,PENDING
World History,Age of Revolution (1750-1850),W.02,Legal document (text),https://avalon.law.yale.edu/17th_century/england.asp,,W.02_english_bill_of_rights_1689.{original_extension},World History/Age of Revolution (1750-1850)/W.02,English Bill of Rights (1689),Parliament of England,1689,Public domain — official document text (1689),"English Bill of Rights, 1689. The Avalon Project, Yale Law School.","Avalon Project, Yale Law School",canonical,PENDING
World History,Age of Revolution (1750-1850),W.02,Manuscript / facsimile,https://www.loc.gov/search/?q=Magna+Carta,,W.02_magna_carta_original_engrossment.{original_extension},World History/Age of Revolution (1750-1850)/W.02,Magna Carta (original engrossment),medieval scribe,1215-1297,"Public domain — medieval manuscript, pre-1929",Magna Carta facsimile. Library of Congress.,Library of Congress,search,PENDING
World History,Age of Revolution (1750-1850),W.03,Book (text),https://catalog.hathitrust.org/Search/Home?lookfor=Locke+Two+Treatises+of+Government&type=all,,W.03_two_treatises_of_government.{original_extension},World History/Age of Revolution (1750-1850)/W.03,Two Treatises of Government,John Locke,1689,Public domain (published pre-1929),"John Locke, Two Treatises of Government (1689). HathiTrust.",HathiTrust Digital Library,search,PENDING
World History,Age of Revolution (1750-1850),W.03,Book / engraving,https://catalog.hathitrust.org/Search/Home?lookfor=Hobbes+Leviathan+1651&type=all,,W.03_leviathan_frontispiece_and_text.{original_extension},World History/Age of Revolution (1750-1850)/W.03,Leviathan (frontispiece and text),Thomas Hobbes,1651,Public domain (published pre-1929),"Thomas Hobbes, Leviathan (1651). HathiTrust.",HathiTrust Digital Library,search,PENDING
World History,Age of Revolution (1750-1850),W.03,Book (text),https://catalog.hathitrust.org/Search/Home?lookfor=Rousseau+Social+Contract+Montesquieu+Spirit+of+Laws&type=all,,W.03_the_social_contract_the_spirit_of_the_laws.{original_extension},World History/Age of Revolution (1750-1850)/W.03,The Social Contract / The Spirit of the Laws,Rousseau; Montesquieu,1748-1762,Public domain (published pre-1929),"Rousseau, The Social Contract (1762); Montesquieu, The Spirit of the Laws (1748). HathiTrust.",HathiTrust Digital Library,search,PENDING
World History,Age of Revolution (1750-1850),W.04,Print/engraving,https://www.rijksmuseum.nl/en/search?q=execution+Charles+I+1649,,W.04_the_execution_of_king_charles_i_1649.{original_extension},World History/Age of Revolution (1750-1850)/W.04,The Execution of King Charles I (1649),contemporary Dutch/English,1649,CC0 / open access (museum public-domain designation),"Execution of Charles I, engraving, 1649. Rijksmuseum (public domain).",Rijksmuseum,search,PENDING
World History,Age of Revolution (1750-1850),W.04,Painting/print,https://www.metmuseum.org/search-results?q=Oliver+Cromwell+portrait,,W.04_portrait_of_oliver_cromwell.{original_extension},World History/Age of Revolution (1750-1850)/W.04,Portrait of Oliver Cromwell,after Samuel Cooper / Robert Walker,c. 1650s,Public domain — published c. 1650s (pre-1929),"Portrait of Oliver Cromwell, 17th c. The Metropolitan Museum of Art.",The Metropolitan Museum of Art,search,PENDING
World History,Age of Revolution (1750-1850),W.05,Political cartoon/print,https://www.loc.gov/search/?q=Third+Estate+French+Revolution+caricature,,W.05_a_faut_esperer_q_eu_jeu_la_finira_bentot_the_third_estate.{original_extension},World History/Age of Revolution (1750-1850)/W.05,"""A faut esperer q'eu jeu la finira bentot"" (The Third Estate)",anonymous French,1789,Public domain (published pre-1929),"The Third Estate carrying the clergy and nobility, French caricature, 1789. Library of Congress.",Library of Congress,search,PENDING
World History,Age of Revolution (1750-1850),W.05,Legal document (text),https://avalon.law.yale.edu/18th_century/rightsof.asp,,W.05_declaration_of_the_rights_of_man_and_of_the_citizen_1789.{original_extension},World History/Age of Revolution (1750-1850)/W.05,Declaration of the Rights of Man and of the Citizen (1789),National Constituent Assembly of France,1789,Public domain — official document text (1789),"Declaration of the Rights of Man and of the Citizen, 1789. The Avalon Project, Yale Law School.","Avalon Project, Yale Law School",canonical,PENDING
World History,Age of Revolution (1750-1850),W.05,Pamphlet (text),https://catalog.hathitrust.org/Search/Home?lookfor=Sieyes+What+is+the+Third+Estate&type=all,,W.05_what_is_the_third_estate.{original_extension},World History/Age of Revolution (1750-1850)/W.05,What Is the Third Estate?,Emmanuel-Joseph Sieyès,1789,Public domain (published pre-1929),"E.-J. Sieyès, What Is the Third Estate? (1789). HathiTrust.",HathiTrust Digital Library,search,PENDING
World History,Age of Revolution (1750-1850),W.06,Print/engraving,https://www.rijksmuseum.nl/en/search?q=storming+Bastille+1789,,W.06_the_storming_of_the_bastille_14_july_1789.{original_extension},World History/Age of Revolution (1750-1850)/W.06,"The Storming of the Bastille, 14 July 1789",contemporary French,1789,CC0 / open access (museum public-domain designation),"Storming of the Bastille, engraving, 1789. Rijksmuseum (public domain).",Rijksmuseum,search,PENDING
World History,Age of Revolution (1750-1850),W.06,Print/engraving,https://www.rijksmuseum.nl/en/search?q=execution+Louis+XVI+1793,,W.06_the_execution_of_louis_xvi_january_1793.{original_extension},World History/Age of Revolution (1750-1850)/W.06,"The Execution of Louis XVI, January 1793",contemporary European,1793,CC0 / open access (museum public-domain designation),"Execution of Louis XVI, engraving, 1793. Rijksmuseum (public domain).",Rijksmuseum,search,PENDING
World History,Age of Revolution (1750-1850),W.06,Print collection,https://www.loc.gov/search/?q=French+Revolution+1789+Bastille,,W.06_french_revolution_prints_bastille_terror_napoleon.{original_extension},World History/Age of Revolution (1750-1850)/W.06,"French Revolution prints (Bastille, Terror, Napoleon)",various,1789-1804,Public domain (published pre-1929),French Revolution prints. Library of Congress.,Library of Congress,search,PENDING
World History,Age of Revolution (1750-1850),W.07,Painting/engraving,https://www.metmuseum.org/search-results?q=Napoleon+Bonaparte+portrait,,W.07_napoleon_bonaparte_portrait.{original_extension},World History/Age of Revolution (1750-1850)/W.07,Napoleon Bonaparte (portrait),after David / Ingres,c. 1800-1815,Public domain — published early 19th c. (pre-1929),"Portrait of Napoleon Bonaparte, early 19th c. The Metropolitan Museum of Art.",The Metropolitan Museum of Art,search,PENDING
World History,Age of Revolution (1750-1850),W.07,Map,https://www.loc.gov/search/?q=Napoleon+empire+Europe+map+1812,,W.07_map_of_the_napoleonic_empire_russian_campaign_of_1812.{original_extension},World History/Age of Revolution (1750-1850)/W.07,Map of the Napoleonic Empire / Russian Campaign of 1812,19th-c. cartographers,1812-1815,Public domain (published pre-1929),"Map of Napoleon's empire and campaigns. Library of Congress, Geography & Map Division.",Library of Congress,search,PENDING
World History,Age of Revolution (1750-1850),W.08,Founding document (text),https://www.archives.gov/founding-docs/declaration-transcript,,W.08_declaration_of_independence_1776.{original_extension},World History/Age of Revolution (1750-1850)/W.08,Declaration of Independence (1776),Thomas Jefferson et al. / Second Continental Congress,1776,Public domain (U.S. federal government work),"Declaration of Independence, 1776. U.S. National Archives.",U.S. National Archives (NARA),canonical,PENDING
World History,Age of Revolution (1750-1850),W.08,Legal document (text),https://avalon.law.yale.edu/18th_century/rightsof.asp,,W.08_declaration_of_the_rights_of_man_and_of_the_citizen_1789.{original_extension},World History/Age of Revolution (1750-1850)/W.08,Declaration of the Rights of Man and of the Citizen (1789),National Constituent Assembly of France,1789,Public domain — official document text (1789),"Declaration of the Rights of Man and of the Citizen, 1789. The Avalon Project, Yale Law School.","Avalon Project, Yale Law School",canonical,PENDING
World History,Age of Revolution (1750-1850),W.09,Founding document (text),https://www.loc.gov/search/?q=Haiti+Declaration+of+Independence+1804,,W.09_haitian_declaration_of_independence_1804.{original_extension},World History/Age of Revolution (1750-1850)/W.09,Haitian Declaration of Independence (1804),Jean-Jacques Dessalines / Louis Boisrond-Tonnerre,1804,Public domain — official document text (1804),"Haitian Declaration of Independence, 1804. Library of Congress.",Library of Congress,search,PENDING
World History,Age of Revolution (1750-1850),W.09,Legal code (text),https://catalog.hathitrust.org/Search/Home?lookfor=Code+Napoleon+civil+code+1804&type=all,,W.09_code_napoleon_french_civil_code_1804.{original_extension},World History/Age of Revolution (1750-1850)/W.09,"Code Napoléon (French Civil Code, 1804)",Napoleonic France,1804,Public domain (published pre-1929),"Code Napoléon (Civil Code), 1804. HathiTrust.",HathiTrust Digital Library,search,PENDING
World History,Age of Revolution (1750-1850),W.09,Print/engraving,https://www.rijksmuseum.nl/en/search?q=Congress+of+Vienna+1815,,W.09_congress_of_vienna_1815_print.{original_extension},World History/Age of Revolution (1750-1850)/W.09,Congress of Vienna (1815) — print,contemporary European,1815,CC0 / open access (museum public-domain designation),"The Congress of Vienna, 1815. Rijksmuseum (public domain).",Rijksmuseum,search,PENDING
World History,The Industrial Revolution (1750s-1900s),W.10,Engraving,https://digitalcollections.nypl.org/search/index?keywords=Gustave+Dore+London,,W.10_over_londonby_rail.{original_extension},World History/The Industrial Revolution (1750s-1900s)/W.10,Over London—by Rail,Gustave Doré,1872,Public domain (published pre-1929),"Gustave Doré, ""Over London—by Rail,"" from London: A Pilgrimage, 1872. NYPL Digital Collections.",The New York Public Library Digital Collections,search,PENDING
World History,The Industrial Revolution (1750s-1900s),W.10,Print/photograph,https://www.loc.gov/search/?q=Manchester+industrial+city+19th+century,,W.10_view_of_an_industrial_city_manchester_leeds.{original_extension},World History/The Industrial Revolution (1750s-1900s)/W.10,View of an industrial city (Manchester / Leeds),19th-c. artists,19th c.,Public domain (published pre-1929),View of a 19th-century English industrial city. Library of Congress.,Library of Congress,search,PENDING
World History,The Industrial Revolution (1750s-1900s),W.11,Technical illustration / artifact,https://www.si.edu/search?edan_q=Watt+steam+engine,,W.11_watt_steam_engine_patent_model_engraving.{original_extension},World History/The Industrial Revolution (1750s-1900s)/W.11,Watt steam engine (patent model / engraving),James Watt,late 18th c.,Public domain — published pre-1929,Watt steam engine. Smithsonian Institution.,Smithsonian Institution,search,PENDING
World History,The Industrial Revolution (1750s-1900s),W.11,Engraving,https://www.loc.gov/search/?q=cotton+mill+textile+factory+England,,W.11_english_cotton_mill_textile_factory.{original_extension},World History/The Industrial Revolution (1750s-1900s)/W.11,English cotton mill / textile factory,19th-c. artists,early 19th c.,Public domain (published pre-1929),Interior of an English cotton textile mill. Library of Congress.,Library of Congress,search,PENDING
World History,The Industrial Revolution (1750s-1900s),W.12,Map,https://www.loc.gov/search/?q=railway+map+Europe+19th+century,,W.12_railway_map_of_europe_19th_century.{original_extension},World History/The Industrial Revolution (1750s-1900s)/W.12,Railway map of Europe (19th century),19th-c. cartographers,19th c.,Public domain (published pre-1929),"Railway map of Europe, 19th century. Library of Congress, Geography & Map Division.",Library of Congress,search,PENDING
World History,The Industrial Revolution (1750s-1900s),W.12,Print,https://digitalcollections.nypl.org/search/index?keywords=Crystal+Palace+Great+Exhibition+1851,,W.12_great_exhibition_crystal_palace_1851.{original_extension},World History/The Industrial Revolution (1750s-1900s)/W.12,Great Exhibition / Crystal Palace (1851),contemporary British,1851,Public domain (published pre-1929),"The Crystal Palace, Great Exhibition of 1851. NYPL Digital Collections.",The New York Public Library Digital Collections,search,PENDING
World History,The Industrial Revolution (1750s-1900s),W.13,Diagram/broadside,https://www.loc.gov/search/?q=Brookes+slave+ship+stowage+diagram,,W.13_stowage_of_the_british_slave_ship_brookes.{original_extension},World History/The Industrial Revolution (1750s-1900s)/W.13,Stowage of the British slave ship Brookes,"Plymouth Chapter, Society for Effecting the Abolition of the Slave Trade",1788-1789,Public domain (published pre-1929),"Plan and sections of the slave ship Brookes, 1788. Library of Congress.",Library of Congress,search,PENDING
World History,The Industrial Revolution (1750s-1900s),W.13,Autobiography (text),https://docsouth.unc.edu/neh/equiano1/equiano1.html,,W.13_the_interesting_narrative_of_the_life_of_olaudah_equiano.{original_extension},World History/The Industrial Revolution (1750s-1900s)/W.13,The Interesting Narrative of the Life of Olaudah Equiano,Olaudah Equiano,1789,Public domain (published pre-1929),"Olaudah Equiano, The Interesting Narrative (1789). Documenting the American South, UNC Libraries.","Documenting the American South, UNC-Chapel Hill",canonical,PENDING
World History,The Industrial Revolution (1750s-1900s),W.14,Engraving / artifact,https://www.si.edu/search?edan_q=steam+locomotive+19th+century,,W.14_steam_locomotive_early_railway_engine.{original_extension},World History/The Industrial Revolution (1750s-1900s)/W.14,Steam locomotive (early railway engine),19th-c. engineers,19th c.,Public domain — published pre-1929 (19th c.),Early steam locomotive. Smithsonian Institution.,Smithsonian Institution,search,PENDING
World History,The Industrial Revolution (1750s-1900s),W.14,Illustration,https://www.loc.gov/search/?q=Bessemer+steel+converter+telegraph,,W.14_bessemer_steel_converter_electric_telegraph.{original_extension},World History/The Industrial Revolution (1750s-1900s)/W.14,Bessemer steel converter / electric telegraph,19th-c. sources,19th c.,Public domain (published pre-1929),"Bessemer steel process and telegraph illustrations, 19th c. Library of Congress.",Library of Congress,search,PENDING
World History,The Industrial Revolution (1750s-1900s),W.15,Photograph,https://www.loc.gov/search/?q=Lewis+Hine+child+labor+mill,,W.15_child_labor_photographs_national_child_labor_committee.{original_extension},World History/The Industrial Revolution (1750s-1900s)/W.15,Child labor photographs (National Child Labor Committee),Lewis W. Hine,1908-1917,Public domain (published pre-1929),"Lewis Hine, National Child Labor Committee photographs, c.1908-1917. Library of Congress.",Library of Congress,search,PENDING
World History,The Industrial Revolution (1750s-1900s),W.15,Engraving / report,https://www.loc.gov/search/?q=coal+mine+working+conditions+19th+century,,W.15_coal_mine_factory_working_conditions.{original_extension},World History/The Industrial Revolution (1750s-1900s)/W.15,Coal mine / factory working conditions,19th-c. sources,19th c.,Public domain (published pre-1929),Depiction of 19th-century mine and factory conditions. Library of Congress.,Library of Congress,search,PENDING
World History,The Industrial Revolution (1750s-1900s),W.16,Pamphlet (text),https://catalog.hathitrust.org/Search/Home?lookfor=Communist+Manifesto+Marx+Engels&type=all,,W.16_the_communist_manifesto.{original_extension},World History/The Industrial Revolution (1750s-1900s)/W.16,The Communist Manifesto,Karl Marx & Friedrich Engels,1848,Public domain (published pre-1929),"Marx & Engels, Manifesto of the Communist Party (1848). HathiTrust.",HathiTrust Digital Library,search,PENDING
World History,The Industrial Revolution (1750s-1900s),W.16,Book (text),https://catalog.hathitrust.org/Search/Home?lookfor=Adam+Smith+Wealth+of+Nations&type=all,,W.16_an_inquiry_into_the_nature_and_causes_of_the_wealth_of_nations.{original_extension},World History/The Industrial Revolution (1750s-1900s)/W.16,An Inquiry into the Nature and Causes of the Wealth of Nations,Adam Smith,1776,Public domain (published pre-1929),"Adam Smith, The Wealth of Nations (1776). HathiTrust.",HathiTrust Digital Library,search,PENDING
World History,Nationalism and Imperialism (1850-1914),W.17,Photograph,https://www.loc.gov/search/?q=Otto+von+Bismarck+portrait,,W.17_otto_von_bismarck_photograph_portrait.{original_extension},World History/Nationalism and Imperialism (1850-1914)/W.17,Otto von Bismarck (photograph/portrait),various,c. 1870-1890,Public domain (published pre-1929),"Otto von Bismarck. Library of Congress, Prints & Photographs.",Library of Congress,search,PENDING
World History,Nationalism and Imperialism (1850-1914),W.17,Print/photograph,https://www.loc.gov/search/?q=Giuseppe+Garibaldi+Italian+unification,,W.17_giuseppe_garibaldi_italian_unification.{original_extension},World History/Nationalism and Imperialism (1850-1914)/W.17,Giuseppe Garibaldi / Italian unification,various,c. 1860,Public domain (published pre-1929),"Giuseppe Garibaldi, c.1860. Library of Congress.",Library of Congress,search,PENDING
World History,Nationalism and Imperialism (1850-1914),W.18,Newspaper / open letter,https://catalog.hathitrust.org/Search/Home?lookfor=Zola+J%27Accuse+Aurore+1898&type=all,,W.18_j_accuse_open_letter_l_aurore_front_page.{original_extension},World History/Nationalism and Imperialism (1850-1914)/W.18,"""J'Accuse…!"" (open letter, L'Aurore front page)",Émile Zola,1898,Public domain (published pre-1929),"Émile Zola, ""J'Accuse…!"" L'Aurore, 13 January 1898. HathiTrust.",HathiTrust Digital Library,search,PENDING
World History,Nationalism and Imperialism (1850-1914),W.18,Print / photograph,https://www.loc.gov/search/?q=Dreyfus+affair+degradation,,W.18_dreyfus_affair_degradation_of_alfred_dreyfus.{original_extension},World History/Nationalism and Imperialism (1850-1914)/W.18,Dreyfus Affair — degradation of Alfred Dreyfus,contemporary French press,1895,Public domain (published pre-1929),"The degradation of Captain Alfred Dreyfus, 1895. Library of Congress.",Library of Congress,search,PENDING
World History,Nationalism and Imperialism (1850-1914),W.19,Political cartoon,https://www.loc.gov/search/?q=Rhodes+Colossus+cartoon,,W.19_the_rhodes_colossus.{original_extension},World History/Nationalism and Imperialism (1850-1914)/W.19,The Rhodes Colossus,Edward Linley Sambourne (Punch),1892,Public domain (published pre-1929),"""The Rhodes Colossus,"" Punch, 1892. Library of Congress.",Library of Congress,search,PENDING
World History,Nationalism and Imperialism (1850-1914),W.19,Poem (text),https://catalog.hathitrust.org/Search/Home?lookfor=Kipling+White+Man%27s+Burden+1899&type=all,,W.19_the_white_man_s_burden.{original_extension},World History/Nationalism and Imperialism (1850-1914)/W.19,The White Man's Burden,Rudyard Kipling,1899,Public domain (published pre-1929),"Rudyard Kipling, ""The White Man's Burden"" (1899). HathiTrust.",HathiTrust Digital Library,search,PENDING
World History,Nationalism and Imperialism (1850-1914),W.20,Map,https://www.loc.gov/search/?q=Africa+map+1890+resources,,W.20_map_of_africa_late_19th_century.{original_extension},World History/Nationalism and Imperialism (1850-1914)/W.20,Map of Africa (late 19th century),19th-c. cartographers,c. 1880-1900,Public domain (published pre-1929),"Map of Africa, late 19th century. Library of Congress, Geography & Map Division.",Library of Congress,search,PENDING
World History,Nationalism and Imperialism (1850-1914),W.20,Print,https://digitalcollections.nypl.org/search/index?keywords=Africa+trade+ivory+rubber+19th+century,,W.20_african_trade_and_resources_illustrated.{original_extension},World History/Nationalism and Imperialism (1850-1914)/W.20,African trade and resources (illustrated),19th-c. sources,19th c.,Public domain (published pre-1929),"Illustrations of African trade and resources, 19th c. NYPL Digital Collections.",The New York Public Library Digital Collections,search,PENDING
World History,Nationalism and Imperialism (1850-1914),W.21,Map,https://www.loc.gov/search/?q=colonial+Africa+partition+map+1900,,W.21_map_of_the_partition_of_africa_colonial_claims.{original_extension},World History/Nationalism and Imperialism (1850-1914)/W.21,Map of the partition of Africa (colonial claims),late 19th-c. cartographers,c. 1885-1914,Public domain (published pre-1929),Map showing European colonial partition of Africa. Library of Congress.,Library of Congress,search,PENDING
World History,Nationalism and Imperialism (1850-1914),W.21,Engraving,https://digitalcollections.nypl.org/search/index?keywords=Berlin+Conference+1884+Africa,,W.21_the_berlin_conference_of_1884_85.{original_extension},World History/Nationalism and Imperialism (1850-1914)/W.21,The Berlin Conference of 1884-85,contemporary press,1884,Public domain (published pre-1929),"The Berlin Conference, 1884. NYPL Digital Collections.",The New York Public Library Digital Collections,search,PENDING
World History,Nationalism and Imperialism (1850-1914),W.22,Print/engraving,https://www.loc.gov/search/?q=Battle+of+Adwa+Adowa+1896+Ethiopia+Italy,,W.22_the_battle_of_adwa_1896_contemporary_illustrated_press_engraving.{original_extension},World History/Nationalism and Imperialism (1850-1914)/W.22,"The Battle of Adwa, 1896 (contemporary illustrated press engraving)",contemporary European illustrated press,1896,Public domain — published pre-1929,"The Battle of Adwa (Ethiopian victory over Italy), illustrated press engraving, 1896. Library of Congress.",Library of Congress,search,PENDING
World History,Nationalism and Imperialism (1850-1914),W.22,Print/engraving,https://digitalcollections.nypl.org/search/index?keywords=Anglo-Zulu+War+1879+Isandlwana,,W.22_anglo_zulu_war_isandlwana_rorke_s_drift_1879.{original_extension},World History/Nationalism and Imperialism (1850-1914)/W.22,"Anglo-Zulu War (Isandlwana / Rorke's Drift), 1879",contemporary British press,1879,Public domain (published pre-1929),"The Anglo-Zulu War, 1879. NYPL Digital Collections.",The New York Public Library Digital Collections,search,PENDING
World History,Nationalism and Imperialism (1850-1914),W.23,Print/photograph,https://digitalcollections.nypl.org/search/index?keywords=Suez+Canal+opening+1869,,W.23_opening_of_the_suez_canal_1869.{original_extension},World History/Nationalism and Imperialism (1850-1914)/W.23,"Opening of the Suez Canal, 1869",contemporary sources,1869,Public domain (published pre-1929),"The opening of the Suez Canal, 1869. NYPL Digital Collections.",The New York Public Library Digital Collections,search,PENDING
World History,Nationalism and Imperialism (1850-1914),W.23,Engraving,https://www.loc.gov/search/?q=Indian+Rebellion+1857+Sepoy+Mutiny,,W.23_the_indian_rebellion_sepoy_mutiny_of_1857.{original_extension},World History/Nationalism and Imperialism (1850-1914)/W.23,The Indian Rebellion (Sepoy Mutiny) of 1857,contemporary British press,1857-1858,Public domain (published pre-1929),Scenes of the Indian Rebellion of 1857. Library of Congress.,Library of Congress,search,PENDING
World History,Nationalism and Imperialism (1850-1914),W.24,Engraving,https://digitalcollections.nypl.org/search/index?keywords=Opium+War+China+1842,,W.24_destruction_of_opium_first_opium_war.{original_extension},World History/Nationalism and Imperialism (1850-1914)/W.24,Destruction of opium / First Opium War,19th-c. sources,1839-1842,Public domain (published pre-1929),"The First Opium War, c.1842. NYPL Digital Collections.",The New York Public Library Digital Collections,search,PENDING
World History,Nationalism and Imperialism (1850-1914),W.24,Photograph,https://www.loc.gov/search/?q=Boxer+Rebellion+1900+China,,W.24_boxer_rebellion_1900.{original_extension},World History/Nationalism and Imperialism (1850-1914)/W.24,"Boxer Rebellion, 1900",contemporary photographers,1900-1901,Public domain (published pre-1929),"Boxer Rebellion, 1900. Library of Congress.",Library of Congress,search,PENDING
World History,Nationalism and Imperialism (1850-1914),W.25,Print/photograph,https://digitalcollections.nypl.org/search/index?keywords=colonial+exposition+1889,,W.25_colonial_exposition_human_zoo_imagery.{original_extension},World History/Nationalism and Imperialism (1850-1914)/W.25,"Colonial exposition / ""human zoo"" imagery",late 19th-c. sources,c. 1889-1900,Public domain (published pre-1929),"Colonial exposition imagery, late 19th c. NYPL Digital Collections.",The New York Public Library Digital Collections,search,PENDING
World History,Nationalism and Imperialism (1850-1914),W.25,Photograph,https://www.loc.gov/search/?q=colonial+railway+India+Africa,,W.25_railways_and_infrastructure_in_colonial_india_africa.{original_extension},World History/Nationalism and Imperialism (1850-1914)/W.25,Railways and infrastructure in colonial India/Africa,late 19th-c. photographers,c. 1870-1910,Public domain (published pre-1929),Colonial-era railway infrastructure. Library of Congress.,Library of Congress,search,PENDING
World History,Nationalism and Imperialism (1850-1914),W.26,Woodblock print (ukiyo-e),https://www.metmuseum.org/search-results?q=Black+Ships+Perry+Japan+woodblock,,W.26_perry_s_black_ships_in_japan.{original_extension},World History/Nationalism and Imperialism (1850-1914)/W.26,"Perry's ""Black Ships"" in Japan",Japanese artists,c. 1853-1854,Public domain — published c. 1854 (pre-1929),"Japanese woodblock print of Perry's Black Ships, c.1854. The Metropolitan Museum of Art (Open Access).",The Metropolitan Museum of Art,search,PENDING
World History,Nationalism and Imperialism (1850-1914),W.26,Woodblock print (ukiyo-e),https://www.metmuseum.org/search-results?q=Sino-Japanese+War+woodblock+Meiji,,W.26_first_sino_japanese_war_meiji_modernization_prints.{original_extension},World History/Nationalism and Imperialism (1850-1914)/W.26,First Sino-Japanese War / Meiji modernization prints,Japanese artists,1894-1895,Public domain — published 1894-1895 (pre-1929),Meiji-era woodblock prints of the Sino-Japanese War. The Metropolitan Museum of Art (Open Access).,The Metropolitan Museum of Art,search,PENDING
World History,Nationalism and Imperialism (1850-1914),W.27,Map,https://www.loc.gov/search/?q=South+America+map+19th+century,,W.27_map_of_south_america_19th_century.{original_extension},World History/Nationalism and Imperialism (1850-1914)/W.27,Map of South America (19th century),19th-c. cartographers,19th c.,Public domain (published pre-1929),"Map of South America, 19th century. Library of Congress, Geography & Map Division.",Library of Congress,search,PENDING
World History,Nationalism and Imperialism (1850-1914),W.27,Print/photograph,https://digitalcollections.nypl.org/search/index?keywords=Peru+guano+silver+mining+South+America,,W.27_guano_silver_rubber_extraction_in_latin_america.{original_extension},World History/Nationalism and Imperialism (1850-1914)/W.27,Guano / silver / rubber extraction in Latin America,19th-c. sources,19th c.,Public domain (published pre-1929),Resource extraction in 19th-century Latin America. NYPL Digital Collections.,The New York Public Library Digital Collections,search,PENDING
World History,Nationalism and Imperialism (1850-1914),W.28,Photograph,https://www.loc.gov/search/?q=Panama+Canal+construction+1913,,W.28_construction_of_the_panama_canal.{original_extension},World History/Nationalism and Imperialism (1850-1914)/W.28,Construction of the Panama Canal,U.S. Isthmian Canal Commission,1904-1914,Public domain (published pre-1929),"Construction of the Panama Canal, c.1904-1914. Library of Congress.",Library of Congress,search,PENDING
World History,Nationalism and Imperialism (1850-1914),W.28,Political cartoon,https://www.loc.gov/search/?q=Big+Stick+Roosevelt+Latin+America+cartoon,,W.28_u_s_big_stick_intervention_in_latin_america.{original_extension},World History/Nationalism and Imperialism (1850-1914)/W.28,"U.S. ""Big Stick"" intervention in Latin America",early 20th-c. cartoonists,c. 1900-1910,Public domain (published pre-1929),"""Big Stick"" diplomacy cartoon, early 20th c. Library of Congress.",Library of Congress,search,PENDING
World History,World War I through the Depression (1910s-1930s),W.29,Map,https://www.loc.gov/search/?q=Balkans+map+1912+Europe,,W.29_map_of_the_balkans_powder_keg_of_europe_c_1912.{original_extension},World History/World War I through the Depression (1910s-1930s)/W.29,"Map of the Balkans, ""powder keg of Europe"" (c.1912)",early 20th-c. cartographers,c. 1912-1914,Public domain (published pre-1929),"Map of the Balkans, c.1912. Library of Congress, Geography & Map Division.",Library of Congress,search,PENDING
World History,World War I through the Depression (1910s-1930s),W.29,Political cartoon,https://www.loc.gov/search/?q=European+alliances+cartoon+1914,,W.29_european_alliances_armed_camp_political_cartoon.{original_extension},World History/World War I through the Depression (1910s-1930s)/W.29,European alliances / armed-camp political cartoon,early 20th-c. cartoonists,c. 1900-1914,Public domain (published pre-1929),"European alliance system cartoon, early 20th c. Library of Congress.",Library of Congress,search,PENDING
World History,World War I through the Depression (1910s-1930s),W.30,Print/photograph,https://www.loc.gov/search/?q=Franz+Ferdinand+assassination+Sarajevo+1914,,W.30_assassination_of_archduke_franz_ferdinand_sarajevo_1914.{original_extension},World History/World War I through the Depression (1910s-1930s)/W.30,"Assassination of Archduke Franz Ferdinand, Sarajevo, 1914",contemporary press,1914,Public domain (published pre-1929),"Assassination of Archduke Franz Ferdinand, 1914. Library of Congress.",Library of Congress,search,PENDING
World History,World War I through the Depression (1910s-1930s),W.30,Political cartoon,https://www.loc.gov/search/?q=World+War+I+alliances+militarism+cartoon+1914,,W.30_world_war_i_mobilization_alliance_cartoon.{original_extension},World History/World War I through the Depression (1910s-1930s)/W.30,World War I mobilization / alliance cartoon,1914-era cartoonists,1914,Public domain (published pre-1929),"World War I alliance/militarism cartoon, 1914. Library of Congress.",Library of Congress,search,PENDING
World History,World War I through the Depression (1910s-1930s),W.31,Photograph,https://catalog.archives.gov/search?q=World+War+I+trench+warfare,,W.31_world_war_i_trench_warfare_photographs.{original_extension},World History/World War I through the Depression (1910s-1930s)/W.31,World War I trench warfare photographs,U.S. Army Signal Corps / official photographers,1914-1918,Public domain (U.S. federal government work),World War I trench photographs. U.S. National Archives.,U.S. National Archives (NARA),search,PENDING
World History,World War I through the Depression (1910s-1930s),W.31,Photograph,https://www.loc.gov/search/?q=World+War+I+tank+poison+gas+machine+gun,,W.31_new_weapons_of_wwi_tanks_gas_masks_machine_guns.{original_extension},World History/World War I through the Depression (1910s-1930s)/W.31,"New weapons of WWI: tanks, gas masks, machine guns",official war photographers,1916-1918,Public domain (published pre-1929),New weaponry of World War I. Library of Congress.,Library of Congress,search,PENDING
World History,World War I through the Depression (1910s-1930s),W.32,Map,https://www.loc.gov/search/?q=Western+Front+map+World+War+I+Verdun+Somme,,W.32_map_of_the_western_front_marne_verdun_somme.{original_extension},World History/World War I through the Depression (1910s-1930s)/W.32,"Map of the Western Front (Marne, Verdun, Somme)",military cartographers,1914-1918,Public domain (published pre-1929),"Map of the Western Front. Library of Congress, Geography & Map Division.",Library of Congress,search,PENDING
World History,World War I through the Depression (1910s-1930s),W.32,Photograph,https://catalog.archives.gov/search?q=Battle+of+the+Somme+Verdun+1916,,W.32_battle_of_the_somme_verdun_photographs.{original_extension},World History/World War I through the Depression (1910s-1930s)/W.32,Battle of the Somme / Verdun photographs,official war photographers,1916,Public domain (U.S. federal government work),"Battle of the Somme photographs, 1916. U.S. National Archives.",U.S. National Archives (NARA),search,PENDING
World History,World War I through the Depression (1910s-1930s),W.33,Poster,https://www.loc.gov/search/?q=World+War+I+recruitment+poster+Uncle+Sam,,W.33_world_war_i_recruitment_poster_i_want_you.{original_extension},World History/World War I through the Depression (1910s-1930s)/W.33,"World War I recruitment poster (""I Want YOU"")",James Montgomery Flagg / Committee on Public Information,1917,Public domain (published pre-1929),"World War I U.S. recruitment poster, 1917. Library of Congress.",Library of Congress,search,PENDING
World History,World War I through the Depression (1910s-1930s),W.33,Treaty (text),https://avalon.law.yale.edu/subject_menus/blmenu.asp,,W.33_treaty_of_brest_litovsk_1918.{original_extension},World History/World War I through the Depression (1910s-1930s)/W.33,Treaty of Brest-Litovsk (1918),Soviet Russia and the Central Powers,1918,Public domain — treaty text (1918),"Treaty of Brest-Litovsk, 1918. The Avalon Project, Yale Law School.","Avalon Project, Yale Law School",search,PENDING
World History,World War I through the Depression (1910s-1930s),W.34,Photograph,https://catalog.archives.gov/search?q=World+War+I+women+munitions+workers,,W.34_women_munitions_workers_world_war_i.{original_extension},World History/World War I through the Depression (1910s-1930s)/W.34,"Women munitions workers, World War I",official war photographers,1915-1918,Public domain (U.S. federal government work),"Women munitions workers, World War I. U.S. National Archives.",U.S. National Archives (NARA),search,PENDING
World History,World War I through the Depression (1910s-1930s),W.34,Poster,https://www.loc.gov/search/?q=World+War+I+food+conservation+poster,,W.34_world_war_i_food_conservation_rationing_poster.{original_extension},World History/World War I through the Depression (1910s-1930s)/W.34,World War I food conservation / rationing poster,U.S. Food Administration,1917-1918,Public domain (published pre-1929),World War I food conservation poster. Library of Congress.,Library of Congress,search,PENDING
World History,World War I through the Depression (1910s-1930s),W.35,Photograph,https://www.loc.gov/search/?q=Armenian+refugees+Near+East+Relief+1915,,W.35_armenian_genocide_near_east_relief_photographs.{original_extension},World History/World War I through the Depression (1910s-1930s)/W.35,Armenian Genocide / Near East Relief photographs,American Committee for Relief in the Near East,1915-1919,Public domain (published pre-1929),"Armenian Genocide and Near East Relief photographs, 1915-1919. Library of Congress.",Library of Congress,search,PENDING
World History,World War I through the Depression (1910s-1930s),W.35,Photograph,https://catalog.archives.gov/search?q=1918+influenza+pandemic,,W.35_1918_influenza_pandemic_photographs.{original_extension},World History/World War I through the Depression (1910s-1930s)/W.35,1918 influenza pandemic photographs,U.S. government / Red Cross,1918-1919,Public domain (U.S. federal government work),1918 influenza pandemic photographs. U.S. National Archives.,U.S. National Archives (NARA),search,PENDING
World History,World War I through the Depression (1910s-1930s),W.36,Treaty (text),https://avalon.law.yale.edu/subject_menus/versailles_menu.asp,,W.36_treaty_of_versailles_1919.{original_extension},World History/World War I through the Depression (1910s-1930s)/W.36,Treaty of Versailles (1919),Allied and Associated Powers; Germany,1919,Public domain — treaty text (1919),"Treaty of Versailles, 1919. The Avalon Project, Yale Law School.","Avalon Project, Yale Law School",canonical,PENDING
World History,World War I through the Depression (1910s-1930s),W.36,Photograph,https://www.loc.gov/search/?q=Big+Four+Paris+Peace+Conference+1919,,W.36_the_big_four_at_the_paris_peace_conference.{original_extension},World History/World War I through the Depression (1910s-1930s)/W.36,"The ""Big Four"" at the Paris Peace Conference",official photographers,1919,Public domain (published pre-1929),"The Big Four at the Paris Peace Conference, 1919. Library of Congress.",Library of Congress,search,PENDING
World History,World War I through the Depression (1910s-1930s),W.36,Speech (text),https://avalon.law.yale.edu/20th_century/wilson14.asp,,W.36_president_wilson_s_fourteen_points_1918.{original_extension},World History/World War I through the Depression (1910s-1930s)/W.36,President Wilson's Fourteen Points (1918),Woodrow Wilson,1918,Public domain — U.S. government work (1918),"Woodrow Wilson, Fourteen Points, 1918. The Avalon Project, Yale Law School.","Avalon Project, Yale Law School",canonical,PENDING
World History,World War I through the Depression (1910s-1930s),W.37,Map,https://www.loc.gov/search/?q=map+Europe+after+World+War+I+1919,,W.37_map_of_europe_after_world_war_i.{original_extension},World History/World War I through the Depression (1910s-1930s)/W.37,Map of Europe after World War I,post-1919 cartographers,c. 1919-1923,Public domain (published pre-1929),"Map of Europe after World War I. Library of Congress, Geography & Map Division.",Library of Congress,search,PENDING
World History,World War I through the Depression (1910s-1930s),W.37,Treaty (text),https://avalon.law.yale.edu/20th_century/leagcov.asp,,W.37_covenant_of_the_league_of_nations_1919.{original_extension},World History/World War I through the Depression (1910s-1930s)/W.37,Covenant of the League of Nations (1919),Paris Peace Conference,1919,"Public domain — treaty text (League Covenant, 1919)","Covenant of the League of Nations, 1919. The Avalon Project, Yale Law School.","Avalon Project, Yale Law School",canonical,PENDING
World History,World War I through the Depression (1910s-1930s),W.38,Photograph,https://www.loc.gov/search/?q=Russian+Revolution+1917+Petrograd,,W.38_russian_revolution_of_1917_photographs.{original_extension},World History/World War I through the Depression (1910s-1930s)/W.38,Russian Revolution of 1917 photographs,contemporary photographers,1917,Public domain (published pre-1929),"Photographs of the Russian Revolution, 1917. Library of Congress.",Library of Congress,search,PENDING
World History,World War I through the Depression (1910s-1930s),W.38,Poster,https://www.loc.gov/search/?q=Bolshevik+Russian+Civil+War+poster+1919,,W.38_bolshevik_russian_civil_war_propaganda_poster.{original_extension},World History/World War I through the Depression (1910s-1930s)/W.38,Bolshevik / Russian Civil War propaganda poster,Soviet artists,1918-1921,Public domain — published 1918-1921 (pre-1929),"Russian Civil War propaganda poster, c.1919. Library of Congress.",Library of Congress,search,PENDING
World History,World War I through the Depression (1910s-1930s),W.39,Photograph,https://www.loc.gov/search/?q=Harlem+Renaissance+jazz+1920s,,W.39_jazz_age_harlem_renaissance_photographs.{original_extension},World History/World War I through the Depression (1910s-1930s)/W.39,Jazz Age / Harlem Renaissance photographs,1920s photographers,1920s,Public domain (published pre-1929),"Harlem Renaissance and Jazz Age photographs, 1920s. Library of Congress.",Library of Congress,search,PENDING
World History,World War I through the Depression (1910s-1930s),W.39,Photograph,https://www.loc.gov/search/?q=National+Photo+Company+1920s+automobile+radio,,W.39_1920s_american_consumer_culture_photographs_national_photo_company_collection.{original_extension},World History/World War I through the Depression (1910s-1930s)/W.39,1920s American consumer-culture photographs (National Photo Company Collection),National Photo Company,c. 1920-1928,Public domain — published pre-1929,"1920s consumer-culture photographs, National Photo Company Collection, c.1920-1928. Library of Congress.",Library of Congress,search,PENDING
World History,World War I through the Depression (1910s-1930s),W.40,Photograph,https://www.loc.gov/search/?q=Wall+Street+crash+1929+crowd+stock+exchange,,W.40_crowds_outside_the_new_york_stock_exchange_1929.{original_extension},World History/World War I through the Depression (1910s-1930s)/W.40,"Crowds outside the New York Stock Exchange, 1929",press photographers,1929,Public domain (published pre-1929),Crowds on Wall Street during the 1929 crash. Library of Congress.,Library of Congress,search,PENDING
World History,World War I through the Depression (1910s-1930s),W.40,Photograph,https://www.loc.gov/search/?q=Great+Depression+breadline+unemployed,,W.40_great_depression_breadlines_unemployment.{original_extension},World History/World War I through the Depression (1910s-1930s)/W.40,Great Depression breadlines / unemployment,Farm Security Administration photographers,1930s,Public domain (U.S. federal government work),"Great Depression breadline photographs, 1930s (FSA). Library of Congress.",Library of Congress,search,PENDING
World History,Rise of Totalitarianism and World War II (1930s-1945),W.41,Photograph,https://www.loc.gov/search/?q=German+hyperinflation+1923+money,,W.41_german_hyperinflation_1923.{original_extension},World History/Rise of Totalitarianism and World War II (1930s-1945)/W.41,"German hyperinflation, 1923",contemporary photographers,1923,Public domain (published pre-1929),"German hyperinflation, 1923. Library of Congress.",Library of Congress,search,PENDING
World History,Rise of Totalitarianism and World War II (1930s-1945),W.41,government document collection,https://history.state.gov/historicaldocuments/search?q=Germany+1933+Hitler+Nazi,,W.41_foreign_relations_of_the_united_states_1933_documents_on_germany_and_the_nazi_se.{original_extension},World History/Rise of Totalitarianism and World War II (1930s-1945)/W.41,"Foreign Relations of the United States, 1933 — documents on Germany and the Nazi seizure of power","U.S. Department of State, Office of the Historian",1933,Public domain — U.S. government work,"Foreign Relations of the United States, 1933, documents on Germany and the Nazi consolidation of power (Washington, D.C.: U.S. Government Printing Office).","Office of the Historian, U.S. Department of State (history.state.gov)",search,PENDING
World History,Rise of Totalitarianism and World War II (1930s-1945),W.42,Poster,https://catalog.archives.gov/search?q=Office+of+War+Information+poster+Hitler+Mussolini+Tojo,,W.42_u_s_office_of_war_information_anti_axis_propaganda_poster_hitler_mussolini_tojo.{original_extension},World History/Rise of Totalitarianism and World War II (1930s-1945)/W.42,"U.S. Office of War Information anti-Axis propaganda poster (Hitler, Mussolini, Tojo)",U.S. Office of War Information,1942-1945,Public domain — U.S. government work,"U.S. Office of War Information anti-Axis propaganda poster, 1942-1945. U.S. National Archives.",U.S. National Archives (NARA),search,PENDING
World History,Rise of Totalitarianism and World War II (1930s-1945),W.42,government document collection,https://history.state.gov/historicaldocuments/search?q=Germany+Italy+Soviet+Union+1930s,,W.42_foreign_relations_of_the_united_states_diplomatic_records_on_nazi_germany_fascis.{original_extension},World History/Rise of Totalitarianism and World War II (1930s-1945)/W.42,"Foreign Relations of the United States — diplomatic records on Nazi Germany, Fascist Italy, and the Soviet Union (1930s)","U.S. Department of State, Office of the Historian",1930s,Public domain — U.S. government work,"Foreign Relations of the United States, 1930s volumes on Germany, Italy, and the Soviet Union. Office of the Historian, U.S. Dept. of State.","Office of the Historian, U.S. Department of State (history.state.gov)",search,PENDING
World History,Rise of Totalitarianism and World War II (1930s-1945),W.43,Map,https://catalog.archives.gov/search?q=Axis+expansion+map+Europe+World+War+II,,W.43_map_of_axis_expansion_living_space_in_europe.{original_extension},World History/Rise of Totalitarianism and World War II (1930s-1945)/W.43,"Map of Axis expansion / ""living space"" in Europe",1930s-40s cartographers,1930s-1940s,Public domain (U.S. federal government work),Map of Axis expansion in Europe. U.S. National Archives.,U.S. National Archives (NARA),search,PENDING
World History,Rise of Totalitarianism and World War II (1930s-1945),W.43,Map,https://catalog.archives.gov/search?q=map+Japanese+expansion+Pacific+resources+1942,,W.43_u_s_government_map_of_japanese_expansion_and_resource_areas_in_the_pacific_1941_.{original_extension},World History/Rise of Totalitarianism and World War II (1930s-1945)/W.43,"U.S. government map of Japanese expansion and resource areas in the Pacific, 1941-1942",U.S. Army Map Service / Office of Strategic Services,1941-1942,Public domain — U.S. government work,"U.S. government map of Japanese territorial expansion and resource zones in the Pacific, 1941-1942. U.S. National Archives.",U.S. National Archives (NARA),search,PENDING
World History,Rise of Totalitarianism and World War II (1930s-1945),W.44,Photograph,https://www.loc.gov/search/?q=Italy+invasion+Ethiopia+1935+Abyssinia,,W.44_italian_invasion_of_ethiopia_1935_36.{original_extension},World History/Rise of Totalitarianism and World War II (1930s-1945)/W.44,"Italian invasion of Ethiopia, 1935-36",press photographers,1935-1936,Public domain (published pre-1929),"Italian invasion of Ethiopia, 1935. Library of Congress.",Library of Congress,search,PENDING
World History,Rise of Totalitarianism and World War II (1930s-1945),W.44,government document collection,https://history.state.gov/historicaldocuments/search?q=Japan+1931-1941+China+aggression,,W.44_foreign_relations_of_the_united_states_japan_1931_1941_japanese_aggression_in_ch.{original_extension},World History/Rise of Totalitarianism and World War II (1930s-1945)/W.44,"Foreign Relations of the United States, Japan: 1931-1941 (Japanese aggression in China)",U.S. Department of State,1943,Public domain — U.S. government work,"Foreign Relations of the United States, Japan, 1931-1941 (Washington, D.C.: U.S. Government Printing Office, 1943), documents on Japanese aggression in China.","Office of the Historian, U.S. Department of State (history.state.gov)",search,PENDING
World History,Rise of Totalitarianism and World War II (1930s-1945),W.45,Agreement (text),https://avalon.law.yale.edu/imt/munich1.asp,,W.45_munich_agreement_1938.{original_extension},World History/Rise of Totalitarianism and World War II (1930s-1945)/W.45,Munich Agreement (1938),"Germany, Britain, France, Italy",1938,Public domain — official agreement text (1938),"Munich Agreement, 1938. The Avalon Project, Yale Law School.","Avalon Project, Yale Law School",canonical,PENDING
World History,Rise of Totalitarianism and World War II (1930s-1945),W.45,public law / statute,https://www.govinfo.gov/app/search/%7B%22query%22%3A%22Neutrality%20Act%201935%201937%201939%22%7D,,W.45_the_u_s_neutrality_acts_of_1935_1939_statute_text.{original_extension},World History/Rise of Totalitarianism and World War II (1930s-1945)/W.45,The U.S. Neutrality Acts of 1935-1939 (statute text),U.S. Congress,1935-1939,Public domain — U.S. government work (federal statute text),"Neutrality Acts of 1935, 1937, and 1939, U.S. Statutes at Large. U.S. Government Publishing Office.",U.S. Government Publishing Office (govinfo.gov),search,PENDING
World History,Rise of Totalitarianism and World War II (1930s-1945),W.46,Photograph,https://catalog.archives.gov/search?q=World+War+II+strategic+bombing+aircraft,,W.46_world_war_ii_aircraft_and_strategic_bombing.{original_extension},World History/Rise of Totalitarianism and World War II (1930s-1945)/W.46,World War II aircraft and strategic bombing,U.S. Army Air Forces,1939-1945,Public domain (U.S. federal government work),World War II strategic bombing photographs. U.S. National Archives.,U.S. National Archives (NARA),search,PENDING
World History,Rise of Totalitarianism and World War II (1930s-1945),W.46,Map,https://catalog.archives.gov/search?q=Pacific+island+hopping+campaign+map+World+War+II,,W.46_pacific_island_hopping_campaign_map.{original_extension},World History/Rise of Totalitarianism and World War II (1930s-1945)/W.46,Pacific island-hopping campaign map,U.S. military cartographers,1942-1945,Public domain (U.S. federal government work),Pacific theater island-hopping map. U.S. National Archives.,U.S. National Archives (NARA),search,PENDING
World History,Rise of Totalitarianism and World War II (1930s-1945),W.47,Photograph,https://catalog.archives.gov/search?q=D-Day+Normandy+landing+1944,,W.47_d_day_landings_at_normandy_6_june_1944.{original_extension},World History/Rise of Totalitarianism and World War II (1930s-1945)/W.47,"D-Day landings at Normandy, 6 June 1944",U.S. Coast Guard / Army Signal Corps,1944,Public domain (U.S. federal government work),"D-Day landings at Normandy, 1944. U.S. National Archives.",U.S. National Archives (NARA),search,PENDING
World History,Rise of Totalitarianism and World War II (1930s-1945),W.47,Map,https://history.army.mil/html/reference/army_flag/wwii.html,,W.47_battle_maps_of_the_european_and_pacific_theaters.{original_extension},World History/Rise of Totalitarianism and World War II (1930s-1945)/W.47,Battle maps of the European and Pacific theaters,U.S. Army Center of Military History,1941-1945,Public domain (U.S. federal government work),World War II campaign maps. U.S. Army Center of Military History.,U.S. Army Center of Military History,search,PENDING
World History,Rise of Totalitarianism and World War II (1930s-1945),W.48,Photograph,https://catalog.archives.gov/search?q=Yalta+Conference+Big+Three+1945+Churchill+Roosevelt+Stalin,,W.48_the_big_three_at_the_yalta_conference_1945.{original_extension},World History/Rise of Totalitarianism and World War II (1930s-1945)/W.48,"The ""Big Three"" at the Yalta Conference, 1945",U.S. Army Signal Corps,1945,Public domain (U.S. federal government work),"The Big Three at Yalta, 1945. U.S. National Archives.",U.S. National Archives (NARA),search,PENDING
World History,Rise of Totalitarianism and World War II (1930s-1945),W.48,Photograph,https://catalog.archives.gov/search?q=Signal+Corps+Roosevelt+Churchill+Truman+Stalin+conference,,W.48_u_s_army_signal_corps_photographs_of_allied_wartime_leaders.{original_extension},World History/Rise of Totalitarianism and World War II (1930s-1945)/W.48,U.S. Army Signal Corps photographs of Allied wartime leaders,U.S. Army Signal Corps,1941-1945,Public domain — U.S. government work,"U.S. Army Signal Corps photographs of Allied leaders at wartime conferences, 1941-1945. U.S. National Archives.",U.S. National Archives (NARA),search,PENDING
World History,Rise of Totalitarianism and World War II (1930s-1945),W.49,government document collection,https://history.state.gov/historicaldocuments/search?q=Evian+Conference+1938+refugees,,W.49_foreign_relations_of_the_united_states_1938_the_evian_conference_and_jewish_refu.{original_extension},World History/Rise of Totalitarianism and World War II (1930s-1945)/W.49,"Foreign Relations of the United States, 1938 — the Evian Conference and Jewish refugees",U.S. Department of State,1938,Public domain — U.S. government work,"Foreign Relations of the United States, 1938, documents on the Evian Conference and the Jewish refugee crisis. Office of the Historian, U.S. Dept. of State.","Office of the Historian, U.S. Department of State (history.state.gov)",search,PENDING
World History,Rise of Totalitarianism and World War II (1930s-1945),W.49,Law/chart (document),https://catalog.archives.gov/search?q=Nuremberg+Laws+1935+racial+chart,,W.49_the_nuremberg_laws_1935.{original_extension},World History/Rise of Totalitarianism and World War II (1930s-1945)/W.49,The Nuremberg Laws (1935),Nazi Germany,1935,"Public domain — official statute text (Nuremberg Laws, 1935)","The Nuremberg Laws, 1935. U.S. National Archives.",U.S. National Archives (NARA),search,PENDING
World History,Rise of Totalitarianism and World War II (1930s-1945),W.50,Photograph,https://catalog.archives.gov/search?q=liberation+concentration+camps+1945,,W.50_liberation_of_nazi_concentration_camps_1945.{original_extension},World History/Rise of Totalitarianism and World War II (1930s-1945)/W.50,"Liberation of Nazi concentration camps, 1945",U.S. Army Signal Corps,1945,Public domain (U.S. federal government work),"Liberation of Nazi concentration camps, 1945. U.S. National Archives.",U.S. National Archives (NARA),search,PENDING
World History,Rise of Totalitarianism and World War II (1930s-1945),W.50,government document collection,https://www.loc.gov/search/?q=Nazi+Conspiracy+and+Aggression+1946,,W.50_nazi_conspiracy_and_aggression_u_s_gpo_1946_documentary_evidence_of_the_holocaus.{original_extension},World History/Rise of Totalitarianism and World War II (1930s-1945)/W.50,"Nazi Conspiracy and Aggression (U.S. GPO, 1946) — documentary evidence of the Holocaust",U.S. Office of Chief of Counsel for the Prosecution of Axis Criminality,1946,Public domain — U.S. government work,"Office of U.S. Chief of Counsel, Nazi Conspiracy and Aggression (Washington, D.C.: U.S. Government Printing Office, 1946).",U.S. Government Publishing Office / Library of Congress,search,PENDING
World History,Rise of Totalitarianism and World War II (1930s-1945),W.51,Joint declaration (text),https://avalon.law.yale.edu/wwii/atlantic.asp,,W.51_the_atlantic_charter_1941.{original_extension},World History/Rise of Totalitarianism and World War II (1930s-1945)/W.51,The Atlantic Charter (1941),Franklin D. Roosevelt & Winston Churchill,1941,Public domain — official document text (1941),"The Atlantic Charter, 1941. The Avalon Project, Yale Law School.","Avalon Project, Yale Law School",canonical,PENDING
World History,Rise of Totalitarianism and World War II (1930s-1945),W.51,Agreement (text),https://avalon.law.yale.edu/wwii/yalta.asp,,W.51_protocol_of_the_yalta_crimea_conference_1945.{original_extension},World History/Rise of Totalitarianism and World War II (1930s-1945)/W.51,Protocol of the Yalta (Crimea) Conference (1945),"U.S., U.K., U.S.S.R.",1945,"Public domain — official agreement text (Yalta Protocol, 1945)","Yalta Conference Agreement, 1945. The Avalon Project, Yale Law School.","Avalon Project, Yale Law School",canonical,PENDING
World History,Rise of Totalitarianism and World War II (1930s-1945),W.51,Agreement (text),https://history.state.gov/search?q=Tehran+Potsdam+conference,,W.51_tehran_and_potsdam_conference_records.{original_extension},World History/Rise of Totalitarianism and World War II (1930s-1945)/W.51,Tehran and Potsdam conference records,Allied leaders,1943-1945,Public domain (U.S. federal government work),"Tehran and Potsdam conferences. U.S. Dept. of State, Office of the Historian.","U.S. Dept. of State, Office of the Historian",search,PENDING
World History,Rise of Totalitarianism and World War II (1930s-1945),W.52,Photograph,https://catalog.archives.gov/search?q=Hiroshima+Nagasaki+atomic+bomb+1945,,W.52_atomic_bombing_of_hiroshima_and_nagasaki_1945.{original_extension},World History/Rise of Totalitarianism and World War II (1930s-1945)/W.52,"Atomic bombing of Hiroshima and Nagasaki, 1945",U.S. military,1945,Public domain (U.S. federal government work),"Atomic bombings of Hiroshima and Nagasaki, 1945. U.S. National Archives.",U.S. National Archives (NARA),search,PENDING
World History,Rise of Totalitarianism and World War II (1930s-1945),W.52,Photograph,https://www.energy.gov/search?query=Manhattan+Project+Trinity+test,,W.52_trinity_test_and_the_manhattan_project.{original_extension},World History/Rise of Totalitarianism and World War II (1930s-1945)/W.52,Trinity test and the Manhattan Project,U.S. government / Manhattan Engineer District,1942-1945,Public domain (U.S. federal government work),The Manhattan Project and Trinity test. U.S. Department of Energy.,U.S. Department of Energy,search,PENDING
World History,Rise of Totalitarianism and World War II (1930s-1945),W.53,Photograph,https://catalog.archives.gov/search?q=Nuremberg+Trials+1945+1946+defendants,,W.53_the_nuremberg_trials_1945_46.{original_extension},World History/Rise of Totalitarianism and World War II (1930s-1945)/W.53,"The Nuremberg Trials, 1945-46",U.S. Army / official photographers,1945-1946,Public domain (U.S. federal government work),"The Nuremberg Trials, 1945-46. U.S. National Archives.",U.S. National Archives (NARA),search,PENDING
World History,Rise of Totalitarianism and World War II (1930s-1945),W.53,Photograph / document,https://history.state.gov/search?q=United+Nations+founding+1945+San+Francisco,,W.53_founding_of_the_united_nations_un_charter_1945.{original_extension},World History/Rise of Totalitarianism and World War II (1930s-1945)/W.53,Founding of the United Nations / UN Charter (1945),United Nations Conference,1945,Public domain (U.S. federal government work),"Founding of the United Nations, 1945. Office of the Historian, U.S. Dept. of State.","U.S. Dept. of State, Office of the Historian",search,PENDING
World History,Rise of Totalitarianism and World War II (1930s-1945),W.54,Speech (text),https://avalon.law.yale.edu/20th_century/marshall.asp,,W.54_the_marshall_plan_harvard_commencement_address_1947.{original_extension},World History/Rise of Totalitarianism and World War II (1930s-1945)/W.54,"The Marshall Plan (Harvard commencement address, 1947)",George C. Marshall,1947,Public domain — U.S. government work (1947),"George C. Marshall, Marshall Plan speech, 1947. The Avalon Project, Yale Law School.","Avalon Project, Yale Law School",canonical,PENDING
World History,Rise of Totalitarianism and World War II (1930s-1945),W.54,Poster,https://www.loc.gov/search/?q=Marshall+Plan+European+Recovery+Program+poster,,W.54_marshall_plan_european_recovery_program_poster.{original_extension},World History/Rise of Totalitarianism and World War II (1930s-1945)/W.54,Marshall Plan / European Recovery Program poster,Economic Cooperation Administration,1948-1951,Public domain (U.S. federal government work),"Marshall Plan (ERP) poster, c.1948. Library of Congress.",Library of Congress,search,PENDING
World History,Rise of Totalitarianism and World War II (1930s-1945),W.55,Resolution/map (document),https://history.state.gov/search?q=Israel+creation+1948+partition+Palestine,,W.55_un_partition_plan_for_palestine_resolution_181_1947.{original_extension},World History/Rise of Totalitarianism and World War II (1930s-1945)/W.55,"UN Partition Plan for Palestine (Resolution 181), 1947",United Nations General Assembly,1947,Public domain (U.S. federal government work),"Creation of Israel and the 1947 UN Partition Plan. Office of the Historian, U.S. Dept. of State.","U.S. Dept. of State, Office of the Historian",search,PENDING
World History,Rise of Totalitarianism and World War II (1930s-1945),W.55,Map,https://www.loc.gov/search/?q=Palestine+partition+map+1947+Israel,,W.55_map_of_the_1947_un_partition_of_palestine.{original_extension},World History/Rise of Totalitarianism and World War II (1930s-1945)/W.55,Map of the 1947 UN partition of Palestine,1947 cartographers,1947-1948,"Public domain — UN partition map (official document, 1947)","Map of the UN partition of Palestine, 1947. Library of Congress.",Library of Congress,search,PENDING
World History,Rise of Totalitarianism and World War II (1930s-1945),W.56,government document (diplomatic cable),https://history.state.gov/historicaldocuments/search?q=Kennan+long+telegram+1946,,W.56_george_f_kennan_long_telegram_1946.{original_extension},World History/Rise of Totalitarianism and World War II (1930s-1945)/W.56,"George F. Kennan, ""Long Telegram"" (1946)","George F. Kennan, U.S. Department of State",1946,Public domain — U.S. government work,"George F. Kennan, telegram from Moscow (""Long Telegram""), February 22, 1946. U.S. National Archives / Office of the Historian, U.S. Dept. of State.","U.S. National Archives / Office of the Historian, U.S. Department of State",search,PENDING
World History,Rise of Totalitarianism and World War II (1930s-1945),W.56,Map,https://www.loc.gov/search/?q=CIA+map+Europe+Soviet+bloc+iron+curtain,,W.56_u_s_government_cia_map_of_cold_war_europe_and_the_soviet_bloc.{original_extension},World History/Rise of Totalitarianism and World War II (1930s-1945)/W.56,U.S. government (CIA) map of Cold War Europe and the Soviet bloc,U.S. Central Intelligence Agency,c. 1950,Public domain — U.S. government work,"U.S. Central Intelligence Agency map of divided Cold War Europe. Library of Congress, Geography & Map Division.",Library of Congress,search,PENDING
World History,Cold War (1945-1991),W.57,Map,https://www.loc.gov/search/?q=CIA+map+communist+China+1949+1950,,W.57_u_s_government_cia_map_of_the_communist_advance_in_china_1949_1950.{original_extension},World History/Cold War (1945-1991)/W.57,"U.S. government (CIA) map of the Communist advance in China, 1949-1950",U.S. Central Intelligence Agency,1949-1950,Public domain — U.S. government work,"U.S. Central Intelligence Agency map of the Chinese Communist takeover, 1949-1950. Library of Congress.",Library of Congress / U.S. National Archives,search,PENDING
World History,Cold War (1945-1991),W.57,government report,https://history.state.gov/historicaldocuments/search?q=China+White+Paper+1949,,W.57_united_states_relations_with_china_with_special_reference_to_the_period_1944_194.{original_extension},World History/Cold War (1945-1991)/W.57,"United States Relations with China, With Special Reference to the Period 1944-1949 (the ""China White Paper"")",U.S. Department of State,1949,Public domain (U.S. federal government work),"U.S. Department of State, United States Relations with China, With Special Reference to the Period 1944-1949 (Washington, D.C.: Government Printing Office, 1949).","Office of the Historian, U.S. Department of State (history.state.gov)",search,PENDING
World History,Cold War (1945-1991),W.58,Speech (text),https://avalon.law.yale.edu/20th_century/trudoc.asp,,W.58_the_truman_doctrine_1947.{original_extension},World History/Cold War (1945-1991)/W.58,The Truman Doctrine (1947),Harry S. Truman,1947,Public domain — U.S. government work (1947),"Harry S. Truman, Truman Doctrine speech, 1947. The Avalon Project, Yale Law School.","Avalon Project, Yale Law School",canonical,PENDING
World History,Cold War (1945-1991),W.58,government document,https://history.state.gov/historicaldocuments/frus1950v01,,W.58_nsc_68_united_states_objectives_and_programs_for_national_security_1950.{original_extension},World History/Cold War (1945-1991)/W.58,NSC-68: United States Objectives and Programs for National Security (1950),U.S. National Security Council,1950,Public domain — U.S. government work,"NSC-68, ""United States Objectives and Programs for National Security,"" April 14, 1950, in FRUS, 1950, Vol. I. Office of the Historian, U.S. Dept. of State.","Office of the Historian, U.S. Department of State / U.S. National Archives",canonical,PENDING
World History,Cold War (1945-1991),W.59,Treaty (text),https://avalon.law.yale.edu/20th_century/nato.asp,,W.59_the_north_atlantic_treaty_nato_1949.{original_extension},World History/Cold War (1945-1991)/W.59,"The North Atlantic Treaty (NATO), 1949",North Atlantic signatories,1949,Public domain — treaty text (1949),"The North Atlantic Treaty, 1949. The Avalon Project, Yale Law School.","Avalon Project, Yale Law School",canonical,PENDING
World History,Cold War (1945-1991),W.59,Treaty (text),https://avalon.law.yale.edu/20th_century/warsaw.asp,,W.59_the_warsaw_security_pact_1955.{original_extension},World History/Cold War (1945-1991)/W.59,The Warsaw Security Pact (1955),Soviet bloc states,1955,Public domain — treaty text (1955),"The Warsaw Pact, 1955. The Avalon Project, Yale Law School.","Avalon Project, Yale Law School",canonical,PENDING
World History,Cold War (1945-1991),W.60,Photograph,https://catalog.archives.gov/search?q=Berlin+Airlift+1948+1949,,W.60_the_berlin_airlift_1948_49.{original_extension},World History/Cold War (1945-1991)/W.60,"The Berlin Airlift, 1948-49",U.S. Air Force,1948-1949,Public domain (U.S. federal government work),"The Berlin Airlift, 1948-49. U.S. National Archives.",U.S. National Archives (NARA),search,PENDING
World History,Cold War (1945-1991),W.60,Photograph,https://catalog.archives.gov/search?q=Berlin+Wall+construction+1961,,W.60_construction_of_the_berlin_wall_1961.{original_extension},World History/Cold War (1945-1991)/W.60,"Construction of the Berlin Wall, 1961",U.S. Army / official photographers,1961,Public domain (U.S. federal government work),"The Berlin Wall, 1961. U.S. National Archives.",U.S. National Archives (NARA),search,PENDING
World History,Cold War (1945-1991),W.61,Photograph,https://www.energy.gov/search?query=nuclear+weapons+test,,W.61_u_s_nuclear_weapons_test_photographs.{original_extension},World History/Cold War (1945-1991)/W.61,U.S. nuclear weapons test photographs,U.S. government,1946-1962,Public domain (U.S. federal government work),U.S. nuclear weapons tests. U.S. Department of Energy.,U.S. Department of Energy,search,PENDING
World History,Cold War (1945-1991),W.61,Photograph,https://catalog.archives.gov/search?q=Cuban+Missile+Crisis+reconnaissance+1962,,W.61_cuban_missile_crisis_reconnaissance_photographs_1962.{original_extension},World History/Cold War (1945-1991)/W.61,"Cuban Missile Crisis reconnaissance photographs, 1962",U.S. Air Force / CIA,1962,Public domain (U.S. federal government work),"Cuban Missile Crisis U-2 reconnaissance photographs, 1962. U.S. National Archives.",U.S. National Archives (NARA),search,PENDING
World History,Cold War (1945-1991),W.62,government document collection,https://history.state.gov/historicaldocuments/search?q=Hungary+1956+revolution,,W.62_foreign_relations_of_the_united_states_1955_1957_eastern_europe_hungarian_revolu.{original_extension},World History/Cold War (1945-1991)/W.62,"Foreign Relations of the United States, 1955-1957, Eastern Europe (Hungarian Revolution)","U.S. Department of State, Office of the Historian",1957,Public domain — U.S. government work,"Foreign Relations of the United States, 1955-1957, Eastern Europe (Washington, D.C.: U.S. Government Printing Office), documents on the 1956 Hungarian Revolution.","Office of the Historian, U.S. Department of State (history.state.gov)",search,PENDING
World History,Cold War (1945-1991),W.62,government document collection,https://history.state.gov/historicaldocuments/search?q=Czechoslovakia+1968,,W.62_foreign_relations_of_the_united_states_1964_1968_volume_xvii_eastern_europe_czec.{original_extension},World History/Cold War (1945-1991)/W.62,"Foreign Relations of the United States, 1964-1968, Volume XVII, Eastern Europe (Czechoslovak crisis documents)","U.S. Department of State, Office of the Historian",1968,Public domain (U.S. federal government work),"Foreign Relations of the United States, 1964-1968, Vol. XVII, Eastern Europe (Washington, D.C.: U.S. Government Printing Office), documents on the 1968 Soviet-led invasion of Czechoslovakia.","Office of the Historian, U.S. Department of State (history.state.gov)",search,PENDING
World History,Cold War (1945-1991),W.63,Photograph,https://catalog.archives.gov/search?q=Korean+War+1950+1953,,W.63_the_korean_war_1950_53.{original_extension},World History/Cold War (1945-1991)/W.63,"The Korean War, 1950-53",U.S. Army / Dept. of Defense,1950-1953,Public domain (U.S. federal government work),"The Korean War, 1950-53. U.S. National Archives.",U.S. National Archives (NARA),search,PENDING
World History,Cold War (1945-1991),W.63,Photograph,https://catalog.archives.gov/search?q=Vietnam+War+combat,,W.63_the_vietnam_war.{original_extension},World History/Cold War (1945-1991)/W.63,The Vietnam War,U.S. military / Dept. of Defense,1955-1975,Public domain (U.S. federal government work),The Vietnam War. U.S. National Archives.,U.S. National Archives (NARA),search,PENDING
World History,Cold War (1945-1991),W.64,government document collection,https://www.govinfo.gov/app/search/%7B%22query%22%3A%22Bush%201989%20Berlin%20Wall%20Eastern%20Europe%22%7D,,W.64_public_papers_of_the_presidents_george_h_w_bush_1989_statements_on_the_fall_of_t.{original_extension},World History/Cold War (1945-1991)/W.64,"Public Papers of the Presidents: George H. W. Bush, 1989 — statements on the fall of the Berlin Wall",President George H. W. Bush / U.S. Government Publishing Office,1989,Public domain — U.S. government work,"Public Papers of the Presidents of the United States: George H. W. Bush, 1989. U.S. Government Publishing Office.",U.S. Government Publishing Office (govinfo.gov),search,PENDING
World History,Cold War (1945-1991),W.64,Photograph,https://catalog.archives.gov/search?q=Reagan+Gorbachev+summit,,W.64_reagan_gorbachev_summits.{original_extension},World History/Cold War (1945-1991)/W.64,Reagan-Gorbachev summits,White House / U.S. government,1985-1988,Public domain (U.S. federal government work),Reagan-Gorbachev summits. U.S. National Archives.,U.S. National Archives (NARA),search,PENDING
World History,Cold War (1945-1991),W.65,government document collection,https://www.govinfo.gov/app/search/%7B%22query%22%3A%22Bush%201991%20Soviet%20Union%20dissolution%22%7D,,W.65_public_papers_of_the_presidents_george_h_w_bush_1991_statements_on_the_dissoluti.{original_extension},World History/Cold War (1945-1991)/W.65,"Public Papers of the Presidents: George H. W. Bush, 1991 — statements on the dissolution of the Soviet Union",President George H. W. Bush / U.S. Government Publishing Office,1991,Public domain — U.S. government work,"Public Papers of the Presidents of the United States: George H. W. Bush, 1991. U.S. Government Publishing Office.",U.S. Government Publishing Office (govinfo.gov),search,PENDING
World History,Cold War (1945-1991),W.65,Map,https://www.loc.gov/search/?q=former+Soviet+republics+map+1991,,W.65_map_of_the_former_soviet_republics.{original_extension},World History/Cold War (1945-1991)/W.65,Map of the former Soviet republics,U.S. government cartographers,1990s,Public domain (U.S. federal government work),Map of the former Soviet republics after 1991. Library of Congress.,Library of Congress,search,PENDING
World History,Creation of New States and Decolonization (1940s-1980s),W.66,Photograph,https://www.loc.gov/search/?q=immigrants+Ellis+Island+arriving,,W.66_immigrants_arriving_at_ellis_island.{original_extension},World History/Creation of New States and Decolonization (1940s-1980s)/W.66,Immigrants arriving at Ellis Island,U.S. government / press,c. 1900-1920,Public domain (published pre-1929),"Immigrants at Ellis Island, early 20th c. Library of Congress.",Library of Congress,search,PENDING
World History,Creation of New States and Decolonization (1940s-1980s),W.66,Photograph,https://digitalcollections.nypl.org/search/index?keywords=emigrants+ship+departure+Europe,,W.66_emigrants_refugees_departing_by_ship.{original_extension},World History/Creation of New States and Decolonization (1940s-1980s)/W.66,Emigrants / refugees departing by ship,early 20th-c. photographers,c. 1900-1920,Public domain (published pre-1929),Emigrants departing Europe by ship. NYPL Digital Collections.,The New York Public Library Digital Collections,search,PENDING
World History,Creation of New States and Decolonization (1940s-1980s),W.67,newspaper,https://www.loc.gov/collections/chronicling-america/?q=India+Pakistan+partition+1947,,W.67_u_s_newspaper_front_page_coverage_of_the_partition_of_india_and_pakistan_august_.{original_extension},World History/Creation of New States and Decolonization (1940s-1980s)/W.67,"U.S. newspaper front-page coverage of the Partition of India and Pakistan, August 1947",Contemporary U.S. newspaper press (various),1947,"Public domain (pre-1963 U.S. newspaper, no copyright renewal)","""India Partitioned; Pakistan Born"" and related coverage, U.S. newspapers, August 1947, via Chronicling America, Library of Congress.","Chronicling America, Library of Congress (loc.gov/chroniclingamerica)",search,PENDING
World History,Creation of New States and Decolonization (1940s-1980s),W.67,Map,https://www.loc.gov/search/?q=CIA+map+India+Pakistan+partition+1947,,W.67_u_s_government_cia_map_of_the_1947_partition_of_british_india.{original_extension},World History/Creation of New States and Decolonization (1940s-1980s)/W.67,U.S. government (CIA) map of the 1947 partition of British India,U.S. Central Intelligence Agency,c. 1947-1950,Public domain — U.S. government work,"U.S. Central Intelligence Agency map of the partition of British India into India and Pakistan, 1947. Library of Congress.",Library of Congress,search,PENDING
World History,Creation of New States and Decolonization (1940s-1980s),W.68,newspaper,https://www.loc.gov/collections/chronicling-america/?q=Gandhi+salt+march+1930,,W.68_u_s_newspaper_coverage_of_gandhi_s_salt_march_and_civil_disobedience_campaign_19.{original_extension},World History/Creation of New States and Decolonization (1940s-1980s)/W.68,"U.S. newspaper coverage of Gandhi's Salt March and civil disobedience campaign, 1930",Contemporary U.S. newspaper press (various),1930,"Public domain (pre-1929/pre-1963 U.S. newspaper, no copyright renewal)","Coverage of Mohandas Gandhi's Salt March, U.S. newspapers, 1930, via Chronicling America, Library of Congress.","Chronicling America, Library of Congress (loc.gov/chroniclingamerica)",search,PENDING
World History,Creation of New States and Decolonization (1940s-1980s),W.68,newspaper,https://www.loc.gov/collections/chronicling-america/?q=India+independence+Nehru+1947,,W.68_u_s_newspaper_coverage_of_indian_independence_and_nehru_s_new_government_august_.{original_extension},World History/Creation of New States and Decolonization (1940s-1980s)/W.68,"U.S. newspaper coverage of Indian independence and Nehru's new government, August 1947",Contemporary U.S. newspaper press (various),1947,"Public domain (pre-1963 U.S. newspaper, no copyright renewal)","Coverage of Indian independence and Prime Minister Jawaharlal Nehru, U.S. newspapers, August 1947, via Chronicling America, Library of Congress.","Chronicling America, Library of Congress (loc.gov/chroniclingamerica)",search,PENDING
World History,Creation of New States and Decolonization (1940s-1980s),W.69,government document collection,https://history.state.gov/historicaldocuments/search?q=Africa+independence+1958-1960,,W.69_foreign_relations_of_the_united_states_1958_1960_volume_xiv_africa.{original_extension},World History/Creation of New States and Decolonization (1940s-1980s)/W.69,"Foreign Relations of the United States, 1958-1960, Volume XIV, Africa","U.S. Department of State, Office of the Historian",1960,Public domain (U.S. federal government work),"Foreign Relations of the United States, 1958-1960, Vol. XIV, Africa (Washington, D.C.: U.S. Government Printing Office), documents on African decolonization and nationalist leaders.","Office of the Historian, U.S. Department of State (history.state.gov)",search,PENDING
World History,Creation of New States and Decolonization (1940s-1980s),W.69,government document collection,https://history.state.gov/historicaldocuments/search?q=Suez+crisis+1956+Nasser,,W.69_foreign_relations_of_the_united_states_1955_1957_suez_crisis_volumes_nasser_and_.{original_extension},World History/Creation of New States and Decolonization (1940s-1980s)/W.69,"Foreign Relations of the United States, 1955-1957, Suez Crisis volumes (Nasser and the Suez Canal)","U.S. Department of State, Office of the Historian",1957,Public domain — U.S. government work,"Foreign Relations of the United States, 1955-1957, Suez Crisis volumes (Washington, D.C.: U.S. Government Printing Office), documents on Nasser's nationalization of the Suez Canal.","Office of the Historian, U.S. Department of State (history.state.gov)",search,PENDING
World History,Creation of New States and Decolonization (1940s-1980s),W.70,map,https://www.loc.gov/search/?q=CIA+map+South+Africa+homelands+bantustan,,W.70_cia_map_south_africa_black_homelands_bantustans.{original_extension},World History/Creation of New States and Decolonization (1940s-1980s)/W.70,CIA map: South Africa — Black Homelands (Bantustans),U.S. Central Intelligence Agency,1980,Public domain (U.S. federal government work),"U.S. Central Intelligence Agency, map of South Africa's Black Homelands (Bantustans), via Library of Congress Geography and Map Division.","Library of Congress / U.S. National Archives (loc.gov, archives.gov)",search,PENDING
World History,Creation of New States and Decolonization (1940s-1980s),W.70,public law / statute,https://www.govinfo.gov/app/search/%7B%22query%22%3A%22Comprehensive%20Anti-Apartheid%20Act%201986%22%7D,,W.70_comprehensive_anti_apartheid_act_of_1986_public_law_99_440.{original_extension},World History/Creation of New States and Decolonization (1940s-1980s)/W.70,Comprehensive Anti-Apartheid Act of 1986 (Public Law 99-440),U.S. Congress,1986,Public domain (U.S. federal government work),"Comprehensive Anti-Apartheid Act of 1986, Pub. L. No. 99-440, 100 Stat. 1086 (1986).",U.S. Government Publishing Office (govinfo.gov),search,PENDING
World History,Creation of New States and Decolonization (1940s-1980s),W.71,government document collection,https://history.state.gov/historicaldocuments/frus1961-63v20,,W.71_foreign_relations_of_the_united_states_1961_1963_volume_xx_congo_crisis.{original_extension},World History/Creation of New States and Decolonization (1940s-1980s)/W.71,"Foreign Relations of the United States, 1961-1963, Volume XX, Congo Crisis","U.S. Department of State, Office of the Historian",1963,Public domain (U.S. federal government work),"Foreign Relations of the United States, 1961-1963, Vol. XX, Congo Crisis (Washington, D.C.: U.S. Government Printing Office).","Office of the Historian, U.S. Department of State (history.state.gov)",canonical,PENDING
World History,Creation of New States and Decolonization (1940s-1980s),W.71,Map,https://www.loc.gov/search/?q=independent+Africa+political+map+decolonization,,W.71_map_of_independent_post_colonial_africa.{original_extension},World History/Creation of New States and Decolonization (1940s-1980s)/W.71,Map of independent post-colonial Africa,U.S. government cartographers,1960s-1990s,Public domain (U.S. federal government work),Political map of independent Africa. Library of Congress.,Library of Congress,search,PENDING
World History,Creation of New States and Decolonization (1940s-1980s),W.72,newspaper,https://www.loc.gov/collections/chronicling-america/?q=Castro+Cuba+revolution+1959,,W.72_u_s_newspaper_front_page_coverage_of_the_cuban_revolution_and_castro_s_takeover_.{original_extension},World History/Creation of New States and Decolonization (1940s-1980s)/W.72,"U.S. newspaper front-page coverage of the Cuban Revolution and Castro's takeover, January 1959",Contemporary U.S. newspaper press (various),1959,"Public domain (pre-1963 U.S. newspaper, no copyright renewal)","""Castro Takes Power in Cuba"" and related coverage, U.S. newspapers, January 1959, via Chronicling America, Library of Congress.","Chronicling America, Library of Congress (loc.gov/chroniclingamerica)",search,PENDING
World History,Creation of New States and Decolonization (1940s-1980s),W.72,Photograph / document,https://catalog.archives.gov/search?q=Nicaragua+Contras+Cold+War+Latin+America,,W.72_u_s_cold_war_intervention_in_latin_america_nicaragua_contras.{original_extension},World History/Creation of New States and Decolonization (1940s-1980s)/W.72,U.S. Cold War intervention in Latin America (Nicaragua/Contras),U.S. government,1980s,Public domain (U.S. federal government work),U.S. involvement in Latin America during the Cold War. U.S. National Archives.,U.S. National Archives (NARA),search,PENDING
World History,Creation of New States and Decolonization (1940s-1980s),W.73,agreement (text),https://www.state.gov/search/?q=Dayton+Accords+Bosnia+1995,,W.73_the_dayton_peace_accords_1995_general_framework_agreement_for_peace_in_bosnia_an.{original_extension},World History/Creation of New States and Decolonization (1940s-1980s)/W.73,"The Dayton Peace Accords, 1995 (General Framework Agreement for Peace in Bosnia and Herzegovina)",U.S.-brokered; U.S. Department of State,1995,Public domain — U.S. government work / official agreement text,"General Framework Agreement for Peace in Bosnia and Herzegovina (Dayton Accords), 1995. U.S. Department of State.",U.S. Department of State (state.gov),search,PENDING
World History,Creation of New States and Decolonization (1940s-1980s),W.73,Map,https://www.loc.gov/search/?q=former+Yugoslavia+successor+states+map,,W.73_map_of_the_former_yugoslavia_s_successor_states.{original_extension},World History/Creation of New States and Decolonization (1940s-1980s)/W.73,Map of the former Yugoslavia's successor states,U.S. government cartographers,1990s,Public domain (U.S. federal government work),Map of the former Yugoslavia. Library of Congress.,Library of Congress,search,PENDING
World History,Creation of New States and Decolonization (1940s-1980s),W.74,government report,https://www.cia.gov/readingroom/search/site/Kampuchea%20demographic%20catastrophe,,W.74_cia_research_report_kampuchea_a_demographic_catastrophe.{original_extension},World History/Creation of New States and Decolonization (1940s-1980s)/W.74,CIA research report: Kampuchea — A Demographic Catastrophe,U.S. Central Intelligence Agency,1980,Public domain (U.S. federal government work),"U.S. Central Intelligence Agency, National Foreign Assessment Center, Kampuchea: A Demographic Catastrophe (1980).","CIA FOIA Electronic Reading Room / U.S. National Archives (cia.gov, archives.gov)",search,PENDING
World History,Creation of New States and Decolonization (1940s-1980s),W.74,government document collection,https://catalog.archives.gov/search?q=Rwanda%20genocide%201994%20State%20Department,,W.74_declassified_u_s_state_department_records_on_the_1994_rwandan_genocide.{original_extension},World History/Creation of New States and Decolonization (1940s-1980s)/W.74,Declassified U.S. State Department records on the 1994 Rwandan genocide,U.S. Department of State,1994,Public domain (U.S. federal government work),"Declassified U.S. Department of State cables and memoranda on the Rwandan genocide, 1994, U.S. National Archives.",U.S. National Archives (archives.gov),search,PENDING
World History,Creation of New States and Decolonization (1940s-1980s),W.75,treaty (text),https://history.state.gov/historicaldocuments/search?q=Final+Settlement+Germany+1990+Two+Plus+Four,,W.75_treaty_on_the_final_settlement_with_respect_to_germany_two_plus_four_treaty_1990.{original_extension},World History/Creation of New States and Decolonization (1940s-1980s)/W.75,"Treaty on the Final Settlement with Respect to Germany (Two Plus Four Treaty), 1990","FRG, GDR, U.S., U.K., France, U.S.S.R.",1990,Public domain — treaty text,"Treaty on the Final Settlement with Respect to Germany (Two Plus Four Treaty), September 12, 1990. Office of the Historian, U.S. Dept. of State.",U.S. Department of State / Office of the Historian,search,PENDING
World History,Creation of New States and Decolonization (1940s-1980s),W.75,Map,https://www.loc.gov/search/?q=divided+Germany+East+West+map,,W.75_map_of_divided_and_reunified_germany.{original_extension},World History/Creation of New States and Decolonization (1940s-1980s)/W.75,Map of divided and reunified Germany,U.S. government cartographers,1949-1990,Public domain (U.S. federal government work),Map of divided and reunified Germany. Library of Congress.,Library of Congress,search,PENDING
World History,Creation of New States and Decolonization (1940s-1980s),W.76,Photograph,https://catalog.archives.gov/search?q=Camp+David+Accords+1978+Sadat+Begin+Carter,,W.76_the_camp_david_accords_1978.{original_extension},World History/Creation of New States and Decolonization (1940s-1980s)/W.76,"The Camp David Accords, 1978",White House / U.S. government,1978,Public domain (U.S. federal government work),"The Camp David Accords, 1978. U.S. National Archives.",U.S. National Archives (NARA),search,PENDING
World History,Creation of New States and Decolonization (1940s-1980s),W.76,Photograph,https://catalog.archives.gov/search?q=Oslo+Accords+1993+Rabin+Arafat+handshake,,W.76_the_oslo_accords_1993.{original_extension},World History/Creation of New States and Decolonization (1940s-1980s)/W.76,"The Oslo Accords, 1993",White House / U.S. government,1993,Public domain (U.S. federal government work),"The Oslo Accords, 1993. U.S. National Archives.",U.S. National Archives (NARA),search,PENDING
World History,Understanding the Contemporary World (1980s- present),W.77,Data / statistical graphic,https://www.census.gov/search-results.html?q=international+population+pyramid,,W.77_international_population_data_and_population_pyramids.{original_extension},World History/Understanding the Contemporary World (1980s- present)/W.77,International population data and population pyramids,U.S. Census Bureau (International Programs),20th-21st c.,Public domain (U.S. federal government work),International population pyramids and data. U.S. Census Bureau.,U.S. Census Bureau,search,PENDING
World History,Understanding the Contemporary World (1980s- present),W.77,Data / tables,https://www.census.gov/search-results.html?q=world+population+historical+estimates,,W.77_historical_world_national_population_statistics.{original_extension},World History/Understanding the Contemporary World (1980s- present)/W.77,Historical world/national population statistics,U.S. Census Bureau,20th-21st c.,Public domain (U.S. federal government work),Historical population statistics. U.S. Census Bureau.,U.S. Census Bureau,search,PENDING
World History,Understanding the Contemporary World (1980s- present),W.78,data set / chart,https://www.census.gov/data-tools/demo/idb/#/country?COUNTRY_YEAR=2020&COUNTRY_YR_ANIM=2020&menu=popViz&FIPS_SINGLE=CH,,W.78_u_s_census_bureau_international_data_base_china_population_pyramids_and_demograp.{original_extension},World History/Understanding the Contemporary World (1980s- present)/W.78,U.S. Census Bureau International Data Base: China population pyramids and demographic data,U.S. Census Bureau,2020,Public domain (U.S. federal government work),"U.S. Census Bureau, International Data Base, population pyramids and age-structure data for China (accessed via census.gov).","U.S. Census Bureau, International Programs (census.gov)",canonical,PENDING
World History,Understanding the Contemporary World (1980s- present),W.78,Data / statistical graphic,https://www.census.gov/search-results.html?q=population+growth+decline+projections+country,,W.78_world_population_growth_and_decline_data.{original_extension},World History/Understanding the Contemporary World (1980s- present)/W.78,World population growth and decline data,U.S. Census Bureau,20th-21st c.,Public domain (U.S. federal government work),Population growth and decline data. U.S. Census Bureau.,U.S. Census Bureau,search,PENDING
World History,Understanding the Contemporary World (1980s- present),W.79,Photograph,https://images.nasa.gov/search?q=Apollo+11+Moon+landing+1969,,W.79_apollo_moon_landing_1969.{original_extension},World History/Understanding the Contemporary World (1980s- present)/W.79,"Apollo Moon landing, 1969",NASA,1969,Public domain (U.S. federal government work),"Apollo 11 Moon landing, 1969. NASA.",NASA Image and Video Library,search,PENDING
World History,Understanding the Contemporary World (1980s- present),W.79,Photograph / government record,https://catalog.archives.gov/search?q=polio+vaccine+Public+Health+Service+1955,,W.79_u_s_public_health_service_records_and_photographs_of_the_polio_vaccine_1950s.{original_extension},World History/Understanding the Contemporary World (1980s- present)/W.79,"U.S. Public Health Service records and photographs of the polio vaccine, 1950s",U.S. Public Health Service / CDC,1950s,Public domain — U.S. government work,"U.S. Public Health Service records and photographs of the polio vaccine, 1950s. U.S. National Archives / CDC.",U.S. National Archives (NARA) / CDC Public Health Image Library,search,PENDING
World History,Understanding the Contemporary World (1980s- present),W.80,Photograph / diagram,https://images.nasa.gov/search?q=GPS+NAVSTAR+satellite,,W.80_gps_navstar_satellite.{original_extension},World History/Understanding the Contemporary World (1980s- present)/W.80,GPS / NAVSTAR satellite,U.S. government (NASA/DoD),late 20th-21st c.,Public domain (U.S. federal government work),GPS/NAVSTAR satellite. NASA.,NASA Image and Video Library,search,PENDING
World History,Understanding the Contemporary World (1980s- present),W.80,Satellite image / map,https://www.usgs.gov/search?keys=satellite+imagery+Landsat+GIS,,W.80_satellite_imagery_and_gis_mapping.{original_extension},World History/Understanding the Contemporary World (1980s- present)/W.80,Satellite imagery and GIS mapping,U.S. Geological Survey / NASA,late 20th-21st c.,Public domain (U.S. federal government work),Satellite imagery and GIS. U.S. Geological Survey.,U.S. Geological Survey,search,PENDING
World History,Understanding the Contemporary World (1980s- present),W.81,Government report (text/data),https://history.state.gov/search?q=trafficking+in+persons,,W.81_trafficking_in_persons_report.{original_extension},World History/Understanding the Contemporary World (1980s- present)/W.81,Trafficking in Persons Report,U.S. Department of State,2001-present,Public domain (U.S. federal government work),Trafficking in Persons Report. U.S. Department of State.,"U.S. Dept. of State, Office of the Historian",search,PENDING
World History,Understanding the Contemporary World (1980s- present),W.81,Report / data / map,https://www.loc.gov/search/?q=drug+trafficking+international+report+map,,W.81_international_drug_trafficking_data_maps.{original_extension},World History/Understanding the Contemporary World (1980s- present)/W.81,International drug trafficking data / maps,U.S. government (DEA/DoJ),contemporary,Public domain (U.S. federal government work),International drug trafficking data. U.S. government via Library of Congress.,Library of Congress,search,PENDING
World History,Understanding the Contemporary World (1980s- present),W.82,Photograph,https://catalog.archives.gov/search?q=Maritime+Administration+container+ship+port,,W.82_u_s_maritime_administration_photographs_of_container_shipping_and_ports.{original_extension},World History/Understanding the Contemporary World (1980s- present)/W.82,U.S. Maritime Administration photographs of container shipping and ports,"U.S. Department of Transportation, Maritime Administration",late 20th c.,Public domain — U.S. government work,U.S. Maritime Administration photographs of containerized shipping. U.S. National Archives.,U.S. National Archives (NARA),search,PENDING
World History,Understanding the Contemporary World (1980s- present),W.82,Government record / diagram,https://catalog.archives.gov/search?q=ARPANET+DARPA+network+diagram,,W.82_darpa_and_nsf_records_and_diagrams_of_the_arpanet_and_early_internet.{original_extension},World History/Understanding the Contemporary World (1980s- present)/W.82,DARPA and NSF records and diagrams of the ARPANET and early Internet,U.S. Defense Advanced Research Projects Agency / National Science Foundation,1969-1990,Public domain — U.S. government work,"DARPA/NSF records and network diagrams of the ARPANET and early Internet, 1969-1990. U.S. National Archives / NSF.",U.S. National Archives (NARA) / National Science Foundation,search,PENDING
World History,Understanding the Contemporary World (1980s- present),W.83,Photograph / document,https://catalog.archives.gov/search?q=NAFTA+signing+1993,,W.83_signing_of_nafta_1993.{original_extension},World History/Understanding the Contemporary World (1980s- present)/W.83,"Signing of NAFTA, 1993",U.S. government,1993,Public domain (U.S. federal government work),"The North American Free Trade Agreement, 1993. U.S. National Archives.",U.S. National Archives (NARA),search,PENDING
World History,Understanding the Contemporary World (1980s- present),W.83,Treaty / document,https://history.state.gov/search?q=GATT+World+Trade+Organization+trade+agreement,,W.83_gatt_world_trade_organization_founding_documents.{original_extension},World History/Understanding the Contemporary World (1980s- present)/W.83,GATT / World Trade Organization founding documents,GATT/WTO; U.S. government,1947-1995,Public domain (U.S. federal government work),"GATT and the World Trade Organization. Office of the Historian, U.S. Dept. of State.","U.S. Dept. of State, Office of the Historian",search,PENDING
World History,Understanding the Contemporary World (1980s- present),W.84,Photograph / document,https://history.state.gov/search?q=United+Nations+Charter+1945+founding,,W.84_founding_of_the_united_nations_and_the_un_charter_1945.{original_extension},World History/Understanding the Contemporary World (1980s- present)/W.84,"Founding of the United Nations and the UN Charter, 1945",United Nations Conference / U.S. government,1945,Public domain (U.S. federal government work),"The United Nations and its 1945 Charter. Office of the Historian, U.S. Dept. of State.","U.S. Dept. of State, Office of the Historian",search,PENDING
World History,Understanding the Contemporary World (1980s- present),W.84,government document collection,https://history.state.gov/historicaldocuments/search?q=European+integration+European+Community,,W.84_u_s_government_records_on_european_integration_and_the_european_union_frus_and_c.{original_extension},World History/Understanding the Contemporary World (1980s- present)/W.84,U.S. government records on European integration and the European Union (FRUS and CIA reports),U.S. Department of State / Central Intelligence Agency,1957-1993,Public domain — U.S. government work,"U.S. State Department (FRUS) and CIA records on European integration and the European Union, 1957-1993. Office of the Historian / CIA.","Office of the Historian, U.S. Department of State / CIA FOIA Reading Room",search,PENDING
World History,Understanding the Contemporary World (1980s- present),W.85,Data / government report,https://www.census.gov/foreign-trade/balance/index.html,,W.85_u_s_government_data_and_reports_on_south_and_east_asian_economic_growth.{original_extension},World History/Understanding the Contemporary World (1980s- present)/W.85,U.S. government data and reports on South and East Asian economic growth,U.S. Census Bureau / Bureau of Economic Analysis / International Trade Administration,late 20th-21st c.,Public domain — U.S. government work,U.S. government trade and economic-growth data for South and East Asian economies. U.S. Census Bureau / Bureau of Economic Analysis.,U.S. Census Bureau (census.gov),search,PENDING
World History,Understanding the Contemporary World (1980s- present),W.85,Data / statistical graphic,https://www.census.gov/search-results.html?q=Asia+trade+economic+growth+data,,W.85_asian_economic_growth_data.{original_extension},World History/Understanding the Contemporary World (1980s- present)/W.85,Asian economic growth data,U.S. government (Census/BEA),late 20th-21st c.,Public domain (U.S. federal government work),Asian economic and trade data. U.S. Census Bureau.,U.S. Census Bureau,search,PENDING
World History,Understanding the Contemporary World (1980s- present),W.86,Data / map,https://www.eia.gov/international/analysis/special-topics/Persian_Gulf,,W.86_u_s_energy_information_administration_data_and_maps_of_persian_gulf_oil_producti.{original_extension},World History/Understanding the Contemporary World (1980s- present)/W.86,U.S. Energy Information Administration data and maps of Persian Gulf oil production and reserves,U.S. Energy Information Administration,20th-21st c.,Public domain — U.S. government work,"U.S. Energy Information Administration, data and maps on Persian Gulf oil production and reserves. eia.gov.",U.S. Energy Information Administration (eia.gov),search,PENDING
World History,Understanding the Contemporary World (1980s- present),W.86,Document / photograph,https://history.state.gov/search?q=OPEC+oil+embargo+1973,,W.86_opec_and_the_1973_oil_embargo.{original_extension},World History/Understanding the Contemporary World (1980s- present)/W.86,OPEC and the 1973 oil embargo,U.S. government,1960-1973,Public domain (U.S. federal government work),"OPEC and the 1973 oil embargo. Office of the Historian, U.S. Dept. of State.","U.S. Dept. of State, Office of the Historian",search,PENDING
World History,Understanding the Contemporary World (1980s- present),W.87,Photograph,https://www.energy.gov/search?query=renewable+energy+wind+solar,,W.87_renewable_energy_wind_and_solar.{original_extension},World History/Understanding the Contemporary World (1980s- present)/W.87,Renewable energy (wind and solar),U.S. Dept. of Energy / NREL,late 20th-21st c.,Public domain (U.S. federal government work),Renewable energy sources. U.S. Department of Energy.,U.S. Department of Energy,search,PENDING
World History,Understanding the Contemporary World (1980s- present),W.87,Photograph,https://www.energy.gov/search?query=fossil+fuel+coal+oil+power+plant,,W.87_fossil_fuel_energy_infrastructure.{original_extension},World History/Understanding the Contemporary World (1980s- present)/W.87,Fossil-fuel energy infrastructure,U.S. Dept. of Energy,20th c.,Public domain (U.S. federal government work),Fossil-fuel energy infrastructure. U.S. Department of Energy.,U.S. Department of Energy,search,PENDING
World History,Understanding the Contemporary World (1980s- present),W.88,Photograph,https://catalog.archives.gov/search?q=Persian+Gulf+War+1991+Desert+Storm,,W.88_the_persian_gulf_war_1991.{original_extension},World History/Understanding the Contemporary World (1980s- present)/W.88,"The Persian Gulf War, 1991",U.S. Department of Defense,1991,Public domain (U.S. federal government work),"The Persian Gulf War (Desert Storm), 1991. U.S. National Archives.",U.S. National Archives (NARA),search,PENDING
World History,Understanding the Contemporary World (1980s- present),W.88,government document collection,https://history.state.gov/historicaldocuments/search?q=Iran+revolution+1977-1980,,W.88_foreign_relations_of_the_united_states_1977_1980_iran_revolution_volume.{original_extension},World History/Understanding the Contemporary World (1980s- present)/W.88,"Foreign Relations of the United States, 1977-1980, Iran (Revolution) volume","U.S. Department of State, Office of the Historian",1979,Public domain (U.S. federal government work),"Foreign Relations of the United States, 1977-1980, Iran (Washington, D.C.: U.S. Government Printing Office), documents on the 1978-1979 Iranian Revolution.","Office of the Historian, U.S. Department of State (history.state.gov)",search,PENDING
World History,Understanding the Contemporary World (1980s- present),W.89,Photograph,https://catalog.archives.gov/search?q=September+11+2001+attacks+World+Trade+Center,,W.89_the_september_11_2001_attacks.{original_extension},World History/Understanding the Contemporary World (1980s- present)/W.89,"The September 11, 2001 attacks",U.S. government (FEMA/Navy),2001,Public domain (U.S. federal government work),"The September 11, 2001 attacks. U.S. National Archives.",U.S. National Archives (NARA),search,PENDING
World History,Understanding the Contemporary World (1980s- present),W.89,Government report (text),https://www.govinfo.gov/app/collection/gpo/,,W.89_the_9_11_commission_report_2004.{original_extension},World History/Understanding the Contemporary World (1980s- present)/W.89,The 9/11 Commission Report (2004),National Commission on Terrorist Attacks Upon the United States,2004,Public domain (U.S. federal government work),"The 9/11 Commission Report, 2004. U.S. Government Publishing Office.",U.S. Government Publishing Office (govinfo.gov),search,PENDING
